--
-- PostgreSQL database dump
--

-- Dumped from database version 10.15
-- Dumped by pg_dump version 10.15

SET statement_timeout = 0;
SET lock_timeout = 0;
SET idle_in_transaction_session_timeout = 0;
SET client_encoding = 'UTF8';
SET standard_conforming_strings = on;
SELECT pg_catalog.set_config('search_path', '', false);
SET check_function_bodies = false;
SET xmloption = content;
SET client_min_messages = warning;
SET row_security = off;

ALTER TABLE ONLY public.matches DROP CONSTRAINT fk_rails_cd9c483851;
ALTER TABLE ONLY public.results DROP CONSTRAINT fk_rails_ace205692e;
ALTER TABLE ONLY public.entries DROP CONSTRAINT fk_rails_a9b7d5f8d4;
ALTER TABLE ONLY public.matches DROP CONSTRAINT fk_rails_700eaa2935;
ALTER TABLE ONLY public.entries DROP CONSTRAINT fk_rails_587665c3b4;
ALTER TABLE ONLY public.sessions DROP CONSTRAINT fk_rails_3c62f7dd37;
DROP INDEX public.index_sessions_on_tournament_id;
DROP INDEX public.index_results_on_match_id;
DROP INDEX public.index_matches_on_tournament_id_and_number;
DROP INDEX public.index_matches_on_tournament_id;
DROP INDEX public.index_matches_on_session_id;
DROP INDEX public.index_entries_on_tournament_id_and_player_id;
DROP INDEX public.index_entries_on_tournament_id;
DROP INDEX public.index_entries_on_player_id;
ALTER TABLE ONLY public.venues DROP CONSTRAINT venues_pkey;
ALTER TABLE ONLY public.tournaments DROP CONSTRAINT tournaments_pkey;
ALTER TABLE ONLY public.sessions DROP CONSTRAINT sessions_pkey;
ALTER TABLE ONLY public.schema_migrations DROP CONSTRAINT schema_migrations_pkey;
ALTER TABLE ONLY public.rounds DROP CONSTRAINT rounds_pkey;
ALTER TABLE ONLY public.results DROP CONSTRAINT results_pkey;
ALTER TABLE ONLY public.players DROP CONSTRAINT players_pkey;
ALTER TABLE ONLY public.matches DROP CONSTRAINT matches_pkey;
ALTER TABLE ONLY public.ar_internal_metadata DROP CONSTRAINT ar_internal_metadata_pkey;
ALTER TABLE public.venues ALTER COLUMN id DROP DEFAULT;
ALTER TABLE public.tournaments ALTER COLUMN id DROP DEFAULT;
ALTER TABLE public.sessions ALTER COLUMN id DROP DEFAULT;
ALTER TABLE public.rounds ALTER COLUMN id DROP DEFAULT;
ALTER TABLE public.results ALTER COLUMN id DROP DEFAULT;
ALTER TABLE public.players ALTER COLUMN id DROP DEFAULT;
ALTER TABLE public.matches ALTER COLUMN id DROP DEFAULT;
DROP SEQUENCE public.venues_id_seq;
DROP TABLE public.venues;
DROP SEQUENCE public.tournaments_id_seq;
DROP TABLE public.tournaments;
DROP SEQUENCE public.sessions_id_seq;
DROP TABLE public.sessions;
DROP TABLE public.schema_migrations;
DROP SEQUENCE public.rounds_id_seq;
DROP TABLE public.rounds;
DROP SEQUENCE public.results_id_seq;
DROP TABLE public.results;
DROP SEQUENCE public.players_id_seq;
DROP TABLE public.players;
DROP SEQUENCE public.matches_id_seq;
DROP TABLE public.matches;
DROP TABLE public.entries;
DROP TABLE public.ar_internal_metadata;
DROP EXTENSION plpgsql;
DROP SCHEMA public;
--
-- Name: public; Type: SCHEMA; Schema: -; Owner: postgres
--

CREATE SCHEMA public;


ALTER SCHEMA public OWNER TO postgres;

--
-- Name: SCHEMA public; Type: COMMENT; Schema: -; Owner: postgres
--

COMMENT ON SCHEMA public IS 'standard public schema';


--
-- Name: plpgsql; Type: EXTENSION; Schema: -; Owner: 
--

CREATE EXTENSION IF NOT EXISTS plpgsql WITH SCHEMA pg_catalog;


--
-- Name: EXTENSION plpgsql; Type: COMMENT; Schema: -; Owner: 
--

COMMENT ON EXTENSION plpgsql IS 'PL/pgSQL procedural language';


SET default_tablespace = '';

SET default_with_oids = false;

--
-- Name: ar_internal_metadata; Type: TABLE; Schema: public; Owner: postgres
--

CREATE TABLE public.ar_internal_metadata (
    key character varying NOT NULL,
    value character varying,
    created_at timestamp without time zone NOT NULL,
    updated_at timestamp without time zone NOT NULL
);


ALTER TABLE public.ar_internal_metadata OWNER TO postgres;

--
-- Name: entries; Type: TABLE; Schema: public; Owner: postgres
--

CREATE TABLE public.entries (
    tournament_id integer,
    player_id integer,
    rank integer,
    created_at timestamp without time zone NOT NULL,
    updated_at timestamp without time zone NOT NULL
);


ALTER TABLE public.entries OWNER TO postgres;

--
-- Name: matches; Type: TABLE; Schema: public; Owner: postgres
--

CREATE TABLE public.matches (
    id integer NOT NULL,
    tournament_id integer,
    number integer,
    date date,
    session_id integer,
    player1_id integer,
    player2_id integer,
    created_at timestamp without time zone NOT NULL,
    updated_at timestamp without time zone NOT NULL,
    round_id integer
);


ALTER TABLE public.matches OWNER TO postgres;

--
-- Name: matches_id_seq; Type: SEQUENCE; Schema: public; Owner: postgres
--

CREATE SEQUENCE public.matches_id_seq
    START WITH 1
    INCREMENT BY 1
    NO MINVALUE
    NO MAXVALUE
    CACHE 1;


ALTER TABLE public.matches_id_seq OWNER TO postgres;

--
-- Name: matches_id_seq; Type: SEQUENCE OWNED BY; Schema: public; Owner: postgres
--

ALTER SEQUENCE public.matches_id_seq OWNED BY public.matches.id;


--
-- Name: players; Type: TABLE; Schema: public; Owner: postgres
--

CREATE TABLE public.players (
    id integer NOT NULL,
    first_name character varying,
    last_name character varying,
    country character varying,
    image character varying,
    created_at timestamp without time zone NOT NULL,
    updated_at timestamp without time zone NOT NULL
);


ALTER TABLE public.players OWNER TO postgres;

--
-- Name: players_id_seq; Type: SEQUENCE; Schema: public; Owner: postgres
--

CREATE SEQUENCE public.players_id_seq
    START WITH 1
    INCREMENT BY 1
    NO MINVALUE
    NO MAXVALUE
    CACHE 1;


ALTER TABLE public.players_id_seq OWNER TO postgres;

--
-- Name: players_id_seq; Type: SEQUENCE OWNED BY; Schema: public; Owner: postgres
--

ALTER SEQUENCE public.players_id_seq OWNED BY public.players.id;


--
-- Name: results; Type: TABLE; Schema: public; Owner: postgres
--

CREATE TABLE public.results (
    id integer NOT NULL,
    match_id integer,
    player1_frames integer,
    player2_frames integer,
    winner_id integer,
    created_at timestamp without time zone NOT NULL,
    updated_at timestamp without time zone NOT NULL
);


ALTER TABLE public.results OWNER TO postgres;

--
-- Name: results_id_seq; Type: SEQUENCE; Schema: public; Owner: postgres
--

CREATE SEQUENCE public.results_id_seq
    START WITH 1
    INCREMENT BY 1
    NO MINVALUE
    NO MAXVALUE
    CACHE 1;


ALTER TABLE public.results_id_seq OWNER TO postgres;

--
-- Name: results_id_seq; Type: SEQUENCE OWNED BY; Schema: public; Owner: postgres
--

ALTER SEQUENCE public.results_id_seq OWNED BY public.results.id;


--
-- Name: rounds; Type: TABLE; Schema: public; Owner: postgres
--

CREATE TABLE public.rounds (
    id integer NOT NULL,
    name character varying,
    sequence integer,
    created_at timestamp without time zone NOT NULL,
    updated_at timestamp without time zone NOT NULL
);


ALTER TABLE public.rounds OWNER TO postgres;

--
-- Name: rounds_id_seq; Type: SEQUENCE; Schema: public; Owner: postgres
--

CREATE SEQUENCE public.rounds_id_seq
    START WITH 1
    INCREMENT BY 1
    NO MINVALUE
    NO MAXVALUE
    CACHE 1;


ALTER TABLE public.rounds_id_seq OWNER TO postgres;

--
-- Name: rounds_id_seq; Type: SEQUENCE OWNED BY; Schema: public; Owner: postgres
--

ALTER SEQUENCE public.rounds_id_seq OWNED BY public.rounds.id;


--
-- Name: schema_migrations; Type: TABLE; Schema: public; Owner: postgres
--

CREATE TABLE public.schema_migrations (
    version character varying NOT NULL
);


ALTER TABLE public.schema_migrations OWNER TO postgres;

--
-- Name: sessions; Type: TABLE; Schema: public; Owner: postgres
--

CREATE TABLE public.sessions (
    id integer NOT NULL,
    "time" time without time zone,
    created_at timestamp without time zone NOT NULL,
    updated_at timestamp without time zone NOT NULL,
    tournament_id integer
);


ALTER TABLE public.sessions OWNER TO postgres;

--
-- Name: sessions_id_seq; Type: SEQUENCE; Schema: public; Owner: postgres
--

CREATE SEQUENCE public.sessions_id_seq
    START WITH 1
    INCREMENT BY 1
    NO MINVALUE
    NO MAXVALUE
    CACHE 1;


ALTER TABLE public.sessions_id_seq OWNER TO postgres;

--
-- Name: sessions_id_seq; Type: SEQUENCE OWNED BY; Schema: public; Owner: postgres
--

ALTER SEQUENCE public.sessions_id_seq OWNED BY public.sessions.id;


--
-- Name: tournaments; Type: TABLE; Schema: public; Owner: postgres
--

CREATE TABLE public.tournaments (
    id integer NOT NULL,
    name character varying,
    fm_date date,
    to_date date,
    country character varying,
    created_at timestamp without time zone NOT NULL,
    updated_at timestamp without time zone NOT NULL,
    chosen boolean DEFAULT false
);


ALTER TABLE public.tournaments OWNER TO postgres;

--
-- Name: tournaments_id_seq; Type: SEQUENCE; Schema: public; Owner: postgres
--

CREATE SEQUENCE public.tournaments_id_seq
    START WITH 1
    INCREMENT BY 1
    NO MINVALUE
    NO MAXVALUE
    CACHE 1;


ALTER TABLE public.tournaments_id_seq OWNER TO postgres;

--
-- Name: tournaments_id_seq; Type: SEQUENCE OWNED BY; Schema: public; Owner: postgres
--

ALTER SEQUENCE public.tournaments_id_seq OWNED BY public.tournaments.id;


--
-- Name: venues; Type: TABLE; Schema: public; Owner: postgres
--

CREATE TABLE public.venues (
    id integer NOT NULL,
    name character varying,
    created_at timestamp without time zone NOT NULL,
    updated_at timestamp without time zone NOT NULL
);


ALTER TABLE public.venues OWNER TO postgres;

--
-- Name: venues_id_seq; Type: SEQUENCE; Schema: public; Owner: postgres
--

CREATE SEQUENCE public.venues_id_seq
    START WITH 1
    INCREMENT BY 1
    NO MINVALUE
    NO MAXVALUE
    CACHE 1;


ALTER TABLE public.venues_id_seq OWNER TO postgres;

--
-- Name: venues_id_seq; Type: SEQUENCE OWNED BY; Schema: public; Owner: postgres
--

ALTER SEQUENCE public.venues_id_seq OWNED BY public.venues.id;


--
-- Name: matches id; Type: DEFAULT; Schema: public; Owner: postgres
--

ALTER TABLE ONLY public.matches ALTER COLUMN id SET DEFAULT nextval('public.matches_id_seq'::regclass);


--
-- Name: players id; Type: DEFAULT; Schema: public; Owner: postgres
--

ALTER TABLE ONLY public.players ALTER COLUMN id SET DEFAULT nextval('public.players_id_seq'::regclass);


--
-- Name: results id; Type: DEFAULT; Schema: public; Owner: postgres
--

ALTER TABLE ONLY public.results ALTER COLUMN id SET DEFAULT nextval('public.results_id_seq'::regclass);


--
-- Name: rounds id; Type: DEFAULT; Schema: public; Owner: postgres
--

ALTER TABLE ONLY public.rounds ALTER COLUMN id SET DEFAULT nextval('public.rounds_id_seq'::regclass);


--
-- Name: sessions id; Type: DEFAULT; Schema: public; Owner: postgres
--

ALTER TABLE ONLY public.sessions ALTER COLUMN id SET DEFAULT nextval('public.sessions_id_seq'::regclass);


--
-- Name: tournaments id; Type: DEFAULT; Schema: public; Owner: postgres
--

ALTER TABLE ONLY public.tournaments ALTER COLUMN id SET DEFAULT nextval('public.tournaments_id_seq'::regclass);


--
-- Name: venues id; Type: DEFAULT; Schema: public; Owner: postgres
--

ALTER TABLE ONLY public.venues ALTER COLUMN id SET DEFAULT nextval('public.venues_id_seq'::regclass);


--
-- Data for Name: ar_internal_metadata; Type: TABLE DATA; Schema: public; Owner: postgres
--

COPY public.ar_internal_metadata (key, value, created_at, updated_at) FROM stdin;
environment	development	2016-09-19 06:37:04.132683	2016-09-19 06:37:04.132683
\.


--
-- Data for Name: entries; Type: TABLE DATA; Schema: public; Owner: postgres
--

COPY public.entries (tournament_id, player_id, rank, created_at, updated_at) FROM stdin;
2	29	10	2016-10-03 07:42:03.586212	2016-10-03 07:42:03.586212
2	3	12	2016-10-03 07:45:53.589084	2016-10-03 07:45:53.589084
2	41	25	2016-10-03 08:36:54.483397	2016-10-03 08:36:54.483397
2	42	21	2016-10-03 08:37:16.653636	2016-10-03 08:37:16.653636
2	28	11	2016-10-03 08:52:25.793521	2016-10-03 08:52:25.793521
2	43	30	2016-10-03 08:54:59.688132	2016-10-03 08:54:59.688132
2	9	4	2016-10-03 08:55:37.609256	2016-10-03 08:55:37.609256
2	7	16	2016-10-03 08:56:09.773056	2016-10-03 08:56:09.773056
2	44	23	2016-10-03 09:02:30.315353	2016-10-03 09:02:30.315353
2	27	6	2016-10-03 11:50:17.422449	2016-10-03 11:50:17.422449
2	45	15	2016-10-03 11:50:56.20862	2016-10-03 11:50:56.20862
2	5	9	2016-10-03 12:10:14.890468	2016-10-03 12:10:14.890468
2	23	1	2016-10-03 12:11:03.15917	2016-10-03 12:11:03.15917
2	48	22	2016-10-03 12:11:39.448202	2016-10-03 12:11:39.448202
2	49	24	2016-10-03 12:12:08.262814	2016-10-03 12:12:08.262814
2	53	29	2016-10-03 12:12:31.524116	2016-10-03 12:12:31.524116
2	52	28	2016-10-03 12:13:09.580246	2016-10-03 12:13:09.580246
2	24	8	2016-10-03 12:13:41.081009	2016-10-03 12:13:41.081009
2	54	31	2016-10-03 12:14:20.196198	2016-10-03 12:14:20.196198
2	1	7	2016-10-03 12:14:49.16982	2016-10-03 12:14:49.16982
2	32	2	2016-10-03 12:15:13.65919	2016-10-03 12:15:13.65919
2	33	3	2016-10-03 12:15:31.719201	2016-10-03 12:15:31.719201
2	18	5	2016-10-03 12:15:55.338523	2016-10-03 12:15:55.338523
2	12	13	2016-10-03 12:16:41.56211	2016-10-03 12:16:41.56211
2	6	14	2016-10-03 12:17:09.662683	2016-10-03 12:17:09.662683
2	36	17	2016-10-03 12:17:41.132444	2016-10-03 12:17:41.132444
2	46	18	2016-10-03 12:18:16.586428	2016-10-03 12:18:16.586428
2	47	19	2016-10-03 12:18:38.213639	2016-10-03 12:18:38.213639
2	56	20	2016-10-03 12:21:02.375707	2016-10-03 12:21:02.375707
2	50	26	2016-10-03 12:21:36.888638	2016-10-03 12:21:36.888638
2	51	27	2016-10-03 12:21:49.626352	2016-10-03 12:21:49.626352
2	15	32	2016-10-03 12:22:23.148227	2016-10-03 12:22:23.148227
2	55	33	2016-10-03 12:22:38.134067	2016-10-03 12:22:38.134067
2	57	34	2016-10-03 12:24:22.480907	2016-10-03 12:24:22.480907
3	58	103	2016-10-14 07:34:53.233087	2016-10-14 07:34:53.233087
3	59	69	2016-10-14 07:35:49.225336	2016-10-14 07:35:49.225336
3	12	20	2016-10-14 07:38:48.788519	2016-10-14 07:38:48.788519
3	28	16	2016-10-14 07:39:04.964286	2016-10-14 07:39:04.964286
3	1	9	2016-10-14 07:39:34.613242	2016-10-14 07:39:34.613242
3	9	5	2016-10-14 07:40:13.359015	2016-10-14 07:40:13.359015
3	33	4	2016-10-14 07:40:27.330296	2016-10-14 07:40:27.330296
3	26	2	2016-10-14 07:40:48.500065	2016-10-14 07:40:48.500065
4	60	55	2016-10-23 02:16:50.191544	2016-10-23 02:16:50.191544
4	5	12	2016-10-23 02:17:29.200475	2016-10-23 02:17:29.200475
4	9	1	2016-10-23 03:27:05.890606	2016-10-23 03:27:05.890606
4	23	2	2016-10-23 03:27:22.764672	2016-10-23 03:27:22.764672
4	26	3	2016-10-23 03:27:44.097676	2016-10-23 03:27:44.097676
4	32	4	2016-10-23 03:28:20.442017	2016-10-23 03:28:20.442017
4	33	5	2016-10-23 03:28:50.171168	2016-10-23 03:28:50.171168
4	27	6	2016-10-23 03:29:27.375497	2016-10-23 03:29:27.375497
4	1	7	2016-10-23 03:29:39.613964	2016-10-23 03:29:39.613964
4	10	8	2016-10-23 03:29:56.996141	2016-10-23 03:29:56.996141
4	34	9	2016-10-23 03:30:15.850091	2016-10-23 03:30:15.850091
4	38	11	2016-10-23 03:32:49.44713	2016-10-23 03:32:49.44713
4	24	10	2016-10-23 03:33:39.047865	2016-10-23 03:33:39.047865
4	29	13	2016-10-23 03:34:46.537839	2016-10-23 03:34:46.537839
4	11	14	2016-10-23 03:35:04.661487	2016-10-23 03:35:04.661487
4	3	15	2016-10-23 03:35:22.400073	2016-10-23 03:35:22.400073
4	12	16	2016-10-23 03:35:35.593599	2016-10-23 03:35:35.593599
4	61	39	2016-10-23 03:38:27.17573	2016-10-23 03:38:27.17573
4	62	38	2016-10-23 03:46:03.342359	2016-10-23 03:46:03.342359
4	41	49	2016-10-23 03:48:32.954475	2016-10-23 03:48:32.954475
4	63	57	2016-10-23 06:02:09.814035	2016-10-23 06:02:09.814035
4	64	56	2016-10-23 06:10:21.229678	2016-10-23 06:10:21.229678
4	65	68	2016-10-23 06:22:00.238639	2016-10-23 06:22:00.238639
4	6	19	2016-10-23 06:23:19.324993	2016-10-23 06:23:19.324993
4	66	64	2016-10-23 06:28:34.618934	2016-10-23 06:28:34.618934
4	37	66	2016-10-23 06:31:30.478644	2016-10-23 06:31:30.478644
4	67	41	2016-10-23 06:34:51.352496	2016-10-23 06:34:51.352496
4	68	46	2016-10-23 06:38:06.251333	2016-10-23 06:38:06.251333
4	14	70	2016-10-24 02:20:39.02422	2016-10-24 02:20:39.02422
4	8	69	2016-10-24 02:22:48.108172	2016-10-24 02:22:48.108172
4	69	72	2016-10-24 02:25:39.326893	2016-10-24 02:25:39.326893
4	49	44	2016-10-24 02:27:39.810712	2016-10-24 02:27:39.810712
4	70	42	2016-10-24 02:31:52.456005	2016-10-24 02:31:52.456005
4	4	71	2016-10-24 02:35:36.591965	2016-10-24 02:35:36.591965
4	51	50	2016-10-24 02:44:41.522625	2016-10-24 02:44:41.522625
4	71	59	2016-10-24 02:49:18.443202	2016-10-24 02:49:18.443202
4	72	45	2016-10-24 02:57:05.166532	2016-10-24 02:57:05.166532
4	44	43	2016-10-24 02:58:34.620432	2016-10-24 02:58:34.620432
4	73	35	2016-10-24 13:33:03.071032	2016-10-24 13:33:03.071032
4	56	27	2016-10-24 13:41:29.546018	2016-10-24 13:41:29.546018
4	58	63	2016-10-24 13:43:48.107674	2016-10-24 13:43:48.107674
4	74	65	2016-10-24 13:59:47.386679	2016-10-24 13:59:47.386679
4	45	22	2016-10-25 06:15:01.764076	2016-10-25 06:15:01.764076
4	54	61	2016-10-25 06:18:47.726411	2016-10-25 06:18:47.726411
4	75	54	2016-10-25 06:23:37.54859	2016-10-25 06:23:37.54859
4	76	33	2016-10-25 14:07:31.085299	2016-10-25 14:07:31.085299
4	77	67	2016-10-25 14:11:50.262342	2016-10-25 14:11:50.262342
4	19	34	2016-10-25 14:44:19.739136	2016-10-25 14:44:19.739136
4	78	40	2016-10-25 14:48:46.931518	2016-10-25 14:48:46.931518
4	35	17	2016-10-25 14:51:40.416742	2016-10-25 14:51:40.416742
4	42	29	2016-10-25 14:55:35.481966	2016-10-25 14:55:35.481966
4	7	23	2016-10-26 13:06:12.031536	2016-10-26 13:06:12.031536
5	23	1	2016-11-01 06:41:01.848674	2016-11-01 06:41:01.848674
5	26	2	2016-11-01 06:41:17.108534	2016-11-01 06:41:17.108534
5	32	3	2016-11-01 06:41:27.040094	2016-11-01 06:41:27.040094
5	33	4	2016-11-01 06:41:39.770811	2016-11-01 06:41:39.770811
5	9	5	2016-11-01 06:41:52.592534	2016-11-01 06:41:52.592534
5	10	6	2016-11-01 06:42:05.945287	2016-11-01 06:42:05.945287
5	27	7	2016-11-01 06:42:16.531884	2016-11-01 06:42:16.531884
5	18	8	2016-11-01 06:42:30.683682	2016-11-01 06:42:30.683682
5	1	9	2016-11-01 06:42:42.01732	2016-11-01 06:42:42.01732
5	29	10	2016-11-01 06:42:56.429132	2016-11-01 06:42:56.429132
5	3	11	2016-11-01 06:43:07.342747	2016-11-01 06:43:07.342747
5	34	12	2016-11-01 06:43:19.348426	2016-11-01 06:43:19.348426
5	7	13	2016-11-01 06:43:34.976305	2016-11-01 06:43:34.976305
5	12	14	2016-11-01 06:43:46.60896	2016-11-01 06:43:46.60896
5	5	15	2016-11-01 06:43:57.350567	2016-11-01 06:43:57.350567
5	38	16	2016-11-01 06:44:07.683148	2016-11-01 06:44:07.683148
6	15	76	2016-11-18 01:54:09.015279	2016-11-18 01:54:09.015279
6	79	75	2016-11-18 01:54:28.639648	2016-11-18 01:54:28.639648
6	19	38	2016-11-18 01:55:19.73475	2016-11-18 01:55:19.73475
6	80	31	2016-11-18 01:58:16.049966	2016-11-18 01:58:16.049966
6	24	5	2016-11-18 01:59:21.829396	2016-11-18 01:59:21.829396
6	17	12	2016-11-18 01:59:40.513359	2016-11-18 01:59:40.513359
6	38	13	2016-11-18 02:00:05.590668	2016-11-18 02:00:05.590668
6	9	4	2016-11-18 02:00:20.307629	2016-11-18 02:00:20.307629
6	2	20	2016-11-18 02:00:57.508706	2016-11-18 02:00:57.508706
6	56	34	2016-11-18 02:01:25.436703	2016-11-18 02:01:25.436703
6	28	11	2016-11-18 02:02:03.401412	2016-11-18 02:02:03.401412
6	81	41	2016-11-18 02:03:58.813995	2016-11-18 02:03:58.813995
6	18	7	2016-11-18 02:04:53.286233	2016-11-18 02:04:53.286233
6	82	35	2016-11-18 02:06:38.608218	2016-11-18 02:06:38.608218
6	54	71	2016-11-18 02:07:22.400077	2016-11-18 02:07:22.400077
6	58	70	2016-11-18 02:08:06.307655	2016-11-18 02:08:06.307655
7	27	1	2016-11-22 02:10:56.748747	2016-11-22 02:10:56.748747
7	23	2	2016-11-22 02:11:16.647168	2016-11-22 02:11:16.647168
7	26	3	2016-11-22 02:11:31.127953	2016-11-22 02:11:31.127953
7	33	4	2016-11-22 02:11:45.024335	2016-11-22 02:11:45.024335
7	10	5	2016-11-22 02:12:00.492122	2016-11-22 02:12:00.492122
7	32	6	2016-11-22 02:12:13.352654	2016-11-22 02:12:13.352654
7	9	7	2016-11-22 02:12:30.103642	2016-11-22 02:12:30.103642
7	24	8	2016-11-22 02:12:44.453784	2016-11-22 02:12:44.453784
7	34	9	2016-11-22 02:12:55.439267	2016-11-22 02:12:55.439267
7	18	10	2016-11-22 02:13:06.771881	2016-11-22 02:13:06.771881
7	12	11	2016-11-22 02:13:19.329385	2016-11-22 02:13:19.329385
7	38	16	2016-11-22 02:14:20.464511	2016-11-22 02:14:20.464511
7	6	21	2016-11-22 02:15:42.104538	2016-11-22 02:15:42.104538
7	36	26	2016-11-22 02:16:48.679548	2016-11-22 02:16:48.679548
7	42	34	2016-11-22 02:20:47.41345	2016-11-22 02:20:47.41345
7	76	41	2016-11-22 02:23:02.633272	2016-11-22 02:23:02.633272
7	62	43	2016-11-22 02:23:59.123604	2016-11-22 02:23:59.123604
7	73	50	2016-11-22 02:26:18.824927	2016-11-22 02:26:18.824927
7	78	57	2016-11-22 02:34:35.79817	2016-11-22 02:34:35.79817
7	41	59	2016-11-22 02:35:01.753625	2016-11-22 02:35:01.753625
7	86	36	2016-11-22 02:49:56.853953	2016-11-22 02:49:56.853953
7	91	55	2016-11-22 02:51:01.055256	2016-11-22 02:51:01.055256
7	29	12	2016-11-22 02:13:32.19903	2016-11-22 02:13:32.19903
7	1	17	2016-11-22 02:14:46.857444	2016-11-22 02:14:46.857444
7	7	22	2016-11-22 02:15:56.845831	2016-11-22 02:15:56.845831
7	45	27	2016-11-22 02:17:07.042958	2016-11-22 02:17:07.042958
7	80	35	2016-11-22 02:21:03.080503	2016-11-22 02:21:03.080503
7	61	44	2016-11-22 02:24:15.519746	2016-11-22 02:24:15.519746
7	48	51	2016-11-22 02:26:37.674684	2016-11-22 02:26:37.674684
7	68	61	2016-11-22 02:35:33.848483	2016-11-22 02:35:33.848483
7	87	40	2016-11-22 02:50:12.872636	2016-11-22 02:50:12.872636
7	92	60	2016-11-22 02:51:19.491521	2016-11-22 02:51:19.491521
7	5	13	2016-11-22 02:13:43.655441	2016-11-22 02:13:43.655441
7	3	18	2016-11-22 02:15:03.986871	2016-11-22 02:15:03.986871
7	21	23	2016-11-22 02:16:10.644127	2016-11-22 02:16:10.644127
7	46	29	2016-11-22 02:18:21.961523	2016-11-22 02:18:21.961523
7	30	37	2016-11-22 02:21:42.675753	2016-11-22 02:21:42.675753
7	81	45	2016-11-22 02:24:28.91595	2016-11-22 02:24:28.91595
7	67	53	2016-11-22 02:33:35.52624	2016-11-22 02:33:35.52624
7	50	62	2016-11-22 02:35:45.993295	2016-11-22 02:35:45.993295
7	83	28	2016-11-22 02:49:16.916336	2016-11-22 02:49:16.916336
7	88	47	2016-11-22 02:50:23.51362	2016-11-22 02:50:23.51362
7	28	14	2016-11-22 02:13:55.441083	2016-11-22 02:13:55.441083
7	35	19	2016-11-22 02:15:15.752137	2016-11-22 02:15:15.752137
7	2	24	2016-11-22 02:16:25.3832	2016-11-22 02:16:25.3832
7	47	30	2016-11-22 02:18:34.818721	2016-11-22 02:18:34.818721
7	56	38	2016-11-22 02:22:02.584951	2016-11-22 02:22:02.584951
7	49	46	2016-11-22 02:24:44.972434	2016-11-22 02:24:44.972434
7	25	54	2016-11-22 02:33:50.58511	2016-11-22 02:33:50.58511
7	51	64	2016-11-22 02:36:24.690819	2016-11-22 02:36:24.690819
7	84	32	2016-11-22 02:49:29.529228	2016-11-22 02:49:29.529228
7	89	48	2016-11-22 02:50:35.143865	2016-11-22 02:50:35.143865
7	17	15	2016-11-22 02:14:07.76397	2016-11-22 02:14:07.76397
7	11	20	2016-11-22 02:15:32.28966	2016-11-22 02:15:32.28966
7	13	25	2016-11-22 02:16:35.379522	2016-11-22 02:16:35.379522
7	31	31	2016-11-22 02:19:44.74301	2016-11-22 02:19:44.74301
7	82	39	2016-11-22 02:22:22.96746	2016-11-22 02:22:22.96746
7	19	42	2016-11-22 02:23:15.462566	2016-11-22 02:23:15.462566
7	44	49	2016-11-22 02:26:06.106575	2016-11-22 02:26:06.106575
7	70	56	2016-11-22 02:34:25.155613	2016-11-22 02:34:25.155613
7	72	58	2016-11-22 02:34:45.87816	2016-11-22 02:34:45.87816
7	85	33	2016-11-22 02:49:42.831007	2016-11-22 02:49:42.831007
7	90	52	2016-11-22 02:50:49.782116	2016-11-22 02:50:49.782116
7	65	125	2016-11-22 05:15:07.029738	2016-11-22 05:15:07.029738
7	93	107	2016-11-22 05:17:50.795391	2016-11-22 05:17:50.795391
7	95	121	2016-11-22 05:27:23.859606	2016-11-22 05:27:23.859606
7	60	76	2016-11-22 05:27:57.693541	2016-11-22 05:27:57.693541
7	94	71	2016-11-23 01:56:05.728228	2016-11-23 01:56:05.728228
7	15	82	2016-11-23 02:05:09.963559	2016-11-23 02:05:09.963559
7	96	77	2016-11-24 01:42:40.813601	2016-11-24 01:42:40.813601
7	52	66	2016-11-27 02:03:22.617413	2016-11-27 02:03:22.617413
7	53	72	2016-11-27 14:59:52.408204	2016-11-27 14:59:52.408204
7	97	128	2016-11-29 01:44:00.772441	2016-11-29 01:44:00.772441
7	98	104	2016-11-29 01:51:52.828002	2016-11-29 01:51:52.828002
7	99	124	2016-11-29 01:57:55.835072	2016-11-29 01:57:55.835072
7	100	69	2016-11-29 02:02:11.067116	2016-11-29 02:02:11.067116
7	37	85	2016-11-29 02:05:58.271783	2016-11-29 02:05:58.271783
7	101	116	2016-11-29 02:10:07.751583	2016-11-29 02:10:07.751583
7	102	122	2016-11-29 02:16:28.439397	2016-11-29 02:16:28.439397
7	103	127	2016-11-29 02:20:36.368956	2016-11-29 02:20:36.368956
7	104	83	2016-11-29 02:57:25.382795	2016-11-29 02:57:25.382795
7	66	114	2016-11-29 02:58:41.92239	2016-11-29 02:58:41.92239
8	26	1	2016-12-12 12:14:29.259778	2016-12-12 12:14:29.259778
8	9	2	2016-12-12 12:14:51.85444	2016-12-12 12:14:51.85444
8	33	3	2016-12-12 12:15:01.752598	2016-12-12 12:15:01.752598
8	32	4	2016-12-12 12:15:13.073562	2016-12-12 12:15:13.073562
8	27	5	2016-12-12 12:15:21.662368	2016-12-12 12:15:21.662368
8	34	6	2016-12-12 12:15:36.495118	2016-12-12 12:15:36.495118
8	18	7	2016-12-12 12:15:46.581767	2016-12-12 12:15:46.581767
8	28	8	2016-12-12 12:15:54.916358	2016-12-12 12:15:54.916358
8	12	9	2016-12-12 12:16:07.095634	2016-12-12 12:16:07.095634
8	24	10	2016-12-12 12:16:20.373884	2016-12-12 12:16:20.373884
8	29	11	2016-12-12 12:16:35.202986	2016-12-12 12:16:35.202986
8	5	12	2016-12-12 12:16:49.16361	2016-12-12 12:16:49.16361
8	38	13	2016-12-12 12:17:05.077294	2016-12-12 12:17:05.077294
8	17	14	2016-12-12 12:17:15.681996	2016-12-12 12:17:15.681996
8	1	15	2016-12-12 12:17:29.161748	2016-12-12 12:17:29.161748
8	3	16	2016-12-12 12:17:44.718435	2016-12-12 12:17:44.718435
8	11	17	2016-12-12 12:17:57.558223	2016-12-12 12:17:57.558223
8	6	18	2016-12-12 12:18:08.660257	2016-12-12 12:18:08.660257
8	35	19	2016-12-12 12:18:34.627971	2016-12-12 12:18:34.627971
8	80	20	2016-12-12 12:18:47.734412	2016-12-12 12:18:47.734412
8	7	21	2016-12-12 12:19:00.533376	2016-12-12 12:19:00.533376
8	2	22	2016-12-12 12:19:10.988407	2016-12-12 12:19:10.988407
8	21	23	2016-12-12 12:19:25.791706	2016-12-12 12:19:25.791706
8	47	24	2016-12-12 12:19:41.97979	2016-12-12 12:19:41.97979
8	36	25	2016-12-12 12:19:51.774573	2016-12-12 12:19:51.774573
8	83	26	2016-12-12 12:20:01.331116	2016-12-12 12:20:01.331116
8	13	27	2016-12-12 12:20:17.874506	2016-12-12 12:20:17.874506
8	45	28	2016-12-12 12:20:30.903197	2016-12-12 12:20:30.903197
8	46	29	2016-12-12 12:20:41.754848	2016-12-12 12:20:41.754848
8	84	30	2016-12-12 12:20:53.406911	2016-12-12 12:20:53.406911
8	30	31	2016-12-12 12:21:03.991076	2016-12-12 12:21:03.991076
8	31	32	2016-12-12 12:21:18.171229	2016-12-12 12:21:18.171229
8	89	56	2016-12-12 12:22:00.706104	2016-12-12 12:22:00.706104
8	94	72	2016-12-12 12:22:27.424965	2016-12-12 12:22:27.424965
8	60	79	2016-12-12 12:22:41.397458	2016-12-12 12:22:41.397458
8	93	101	2016-12-12 12:23:13.450577	2016-12-12 12:23:13.450577
8	95	121	2016-12-12 12:23:39.849805	2016-12-12 12:23:39.849805
8	65	124	2016-12-12 12:24:05.148112	2016-12-12 12:24:05.148112
8	78	55	2016-12-12 12:24:44.755977	2016-12-12 12:24:44.755977
8	63	103	2016-12-12 12:35:46.442312	2016-12-12 12:35:46.442312
8	25	52	2016-12-12 12:38:32.116175	2016-12-12 12:38:32.116175
8	41	54	2016-12-12 12:40:24.858495	2016-12-12 12:40:24.858495
8	105	107	2016-12-12 12:45:05.922984	2016-12-12 12:45:05.922984
8	44	45	2016-12-12 12:47:22.243476	2016-12-12 12:47:22.243476
8	61	43	2016-12-12 15:05:18.955096	2016-12-12 15:05:18.955096
8	106	81	2016-12-13 16:27:27.418361	2016-12-13 16:27:27.418361
8	107	99	2016-12-14 01:33:59.723822	2016-12-14 01:33:59.723822
8	108	96	2016-12-14 01:37:23.784901	2016-12-14 01:37:23.784901
8	109	85	2016-12-14 01:41:22.342298	2016-12-14 01:41:22.342298
8	99	120	2016-12-14 01:52:00.362596	2016-12-14 01:52:00.362596
8	82	37	2016-12-14 01:56:12.43839	2016-12-14 01:56:12.43839
8	77	98	2016-12-14 02:14:55.015257	2016-12-14 02:14:55.015257
8	70	50	2016-12-14 02:17:25.304325	2016-12-14 02:17:25.304325
8	110	125	2016-12-14 02:20:35.44077	2016-12-14 02:20:35.44077
8	50	57	2016-12-14 02:22:41.408933	2016-12-14 02:22:41.408933
8	15	74	2016-12-14 02:24:49.993021	2016-12-14 02:24:49.993021
8	111	100	2016-12-15 02:29:47.408533	2016-12-15 02:29:47.408533
8	37	77	2016-12-15 02:48:51.315823	2016-12-15 02:48:51.315823
8	68	51	2016-12-15 13:06:54.760788	2016-12-15 13:06:54.760788
8	56	35	2016-12-16 02:08:55.978517	2016-12-16 02:08:55.978517
9	24	1	2017-01-15 13:09:28.403054	2017-01-15 13:09:28.403054
9	23	2	2017-01-15 13:09:41.622398	2017-01-15 13:09:41.622398
9	26	3	2017-01-15 13:09:51.251765	2017-01-15 13:09:51.251765
9	9	4	2017-01-15 13:10:02.598665	2017-01-15 13:10:02.598665
9	33	5	2017-01-15 13:10:11.652033	2017-01-15 13:10:11.652033
9	10	6	2017-01-15 13:10:22.515345	2017-01-15 13:10:22.515345
9	32	7	2017-01-15 13:10:31.859322	2017-01-15 13:10:31.859322
9	27	8	2017-01-15 13:10:44.629657	2017-01-15 13:10:44.629657
9	34	9	2017-01-15 13:10:56.91468	2017-01-15 13:10:56.91468
9	18	10	2017-01-15 13:11:12.897076	2017-01-15 13:11:12.897076
9	28	11	2017-01-15 13:11:35.859464	2017-01-15 13:11:35.859464
9	12	12	2017-01-15 13:11:48.971261	2017-01-15 13:11:48.971261
9	29	13	2017-01-15 13:12:04.213085	2017-01-15 13:12:04.213085
9	5	14	2017-01-15 13:12:24.201499	2017-01-15 13:12:24.201499
9	38	15	2017-01-15 13:12:38.301654	2017-01-15 13:12:38.301654
9	17	16	2017-01-15 13:12:53.080694	2017-01-15 13:12:53.080694
10	11	1	2017-02-01 13:15:33.050549	2017-02-01 13:15:33.050549
10	23	2	2017-02-01 13:15:45.044865	2017-02-01 13:15:45.044865
10	26	3	2017-02-01 13:15:59.087768	2017-02-01 13:15:59.087768
10	27	4	2017-02-01 13:16:07.196004	2017-02-01 13:16:07.196004
10	18	5	2017-02-01 13:16:17.590548	2017-02-01 13:16:17.590548
10	28	6	2017-02-01 13:16:28.541934	2017-02-01 13:16:28.541934
10	24	7	2017-02-01 13:16:45.617101	2017-02-01 13:16:45.617101
10	29	8	2017-02-01 13:17:00.651859	2017-02-01 13:17:00.651859
10	5	9	2017-02-01 13:17:12.696679	2017-02-01 13:17:12.696679
10	38	10	2017-02-01 13:17:22.357091	2017-02-01 13:17:22.357091
10	1	11	2017-02-01 13:17:32.271496	2017-02-01 13:17:32.271496
10	6	12	2017-02-01 13:17:43.231771	2017-02-01 13:17:43.231771
10	35	13	2017-02-01 13:17:56.233649	2017-02-01 13:17:56.233649
10	80	14	2017-02-01 13:18:07.153007	2017-02-01 13:18:07.153007
10	7	15	2017-02-01 13:18:21.346114	2017-02-01 13:18:21.346114
10	2	16	2017-02-01 13:18:30.912495	2017-02-01 13:18:30.912495
10	84	19	2017-02-01 13:18:45.943542	2017-02-01 13:18:45.943542
10	30	20	2017-02-01 13:18:59.885718	2017-02-01 13:18:59.885718
10	60	29	2017-02-01 13:19:23.108568	2017-02-01 13:19:23.108568
10	106	30	2017-02-01 13:22:54.223422	2017-02-01 13:22:54.223422
10	109	31	2017-02-02 09:37:26.373243	2017-02-02 09:37:26.373243
10	58	26	2017-02-03 08:04:25.718977	2017-02-03 08:04:25.718977
10	42	21	2017-02-03 08:07:17.204448	2017-02-03 08:07:17.204448
10	36	18	2017-02-03 13:09:42.52221	2017-02-03 13:09:42.52221
10	54	27	2017-02-03 15:53:49.280401	2017-02-03 15:53:49.280401
10	21	17	2017-02-04 01:42:49.04983	2017-02-04 01:42:49.04983
11	23	1	2017-02-07 13:37:21.174429	2017-02-07 13:37:21.174429
11	10	2	2017-02-07 13:37:36.796028	2017-02-07 13:37:36.796028
11	29	3	2017-02-07 13:37:49.228879	2017-02-07 13:37:49.228879
11	33	4	2017-02-07 13:38:07.478641	2017-02-07 13:38:07.478641
11	24	5	2017-02-07 13:38:23.492447	2017-02-07 13:38:23.492447
11	5	6	2017-02-07 13:38:32.259785	2017-02-07 13:38:32.259785
11	9	7	2017-02-07 13:38:49.894747	2017-02-07 13:38:49.894747
11	12	8	2017-02-07 13:39:02.498739	2017-02-07 13:39:02.498739
11	58	9	2017-02-07 13:39:17.528484	2017-02-07 13:39:17.528484
11	26	10	2017-02-07 13:39:28.888979	2017-02-07 13:39:28.888979
11	3	11	2017-02-07 13:39:43.894	2017-02-07 13:39:43.894
11	27	12	2017-02-07 13:39:51.556825	2017-02-07 13:39:51.556825
11	28	13	2017-02-07 13:40:00.148208	2017-02-07 13:40:00.148208
11	80	14	2017-02-07 13:40:09.468598	2017-02-07 13:40:09.468598
11	32	15	2017-02-07 13:40:19.466552	2017-02-07 13:40:19.466552
11	34	16	2017-02-07 13:40:29.459304	2017-02-07 13:40:29.459304
11	38	17	2017-02-07 13:40:46.313592	2017-02-07 13:40:46.313592
11	7	18	2017-02-07 13:40:56.828764	2017-02-07 13:40:56.828764
11	35	19	2017-02-07 13:41:16.12729	2017-02-07 13:41:16.12729
11	17	20	2017-02-07 13:41:28.700828	2017-02-07 13:41:28.700828
11	1	21	2017-02-07 13:41:39.033767	2017-02-07 13:41:39.033767
11	6	22	2017-02-07 13:41:51.840053	2017-02-07 13:41:51.840053
11	21	23	2017-02-07 13:42:07.981005	2017-02-07 13:42:07.981005
11	18	24	2017-02-07 13:42:17.558141	2017-02-07 13:42:17.558141
11	56	25	2017-02-07 13:42:29.443742	2017-02-07 13:42:29.443742
11	2	26	2017-02-07 13:42:45.766629	2017-02-07 13:42:45.766629
11	30	27	2017-02-07 13:42:57.342377	2017-02-07 13:42:57.342377
11	54	28	2017-02-07 13:43:06.99847	2017-02-07 13:43:06.99847
11	42	29	2017-02-07 13:43:18.78596	2017-02-07 13:43:18.78596
11	62	30	2017-02-07 13:43:44.935349	2017-02-07 13:43:44.935349
11	50	31	2017-02-07 13:44:20.610532	2017-02-07 13:44:20.610532
11	11	32	2017-02-07 13:44:37.075699	2017-02-07 13:44:37.075699
12	23	1	2017-03-04 12:30:49.806406	2017-03-04 12:30:49.806406
12	9	2	2017-03-04 12:31:09.072794	2017-03-04 12:31:09.072794
12	33	3	2017-03-04 12:31:18.365312	2017-03-04 12:31:18.365312
12	10	4	2017-03-04 12:32:04.950893	2017-03-04 12:32:04.950893
12	32	5	2017-03-04 12:32:28.589571	2017-03-04 12:32:28.589571
12	27	6	2017-03-04 12:33:03.647697	2017-03-04 12:33:03.647697
12	18	7	2017-03-04 12:33:14.198898	2017-03-04 12:33:14.198898
12	34	8	2017-03-04 12:33:27.789933	2017-03-04 12:33:27.789933
12	28	9	2017-03-04 12:33:36.665281	2017-03-04 12:33:36.665281
12	12	10	2017-03-04 12:33:47.75563	2017-03-04 12:33:47.75563
12	17	11	2017-03-04 12:34:03.637258	2017-03-04 12:34:03.637258
12	38	12	2017-03-04 12:35:51.691472	2017-03-04 12:35:51.691472
12	1	13	2017-03-04 12:36:07.318522	2017-03-04 12:36:07.318522
12	3	14	2017-03-04 12:36:25.373328	2017-03-04 12:36:25.373328
12	6	15	2017-03-04 12:37:48.396491	2017-03-04 12:37:48.396491
12	80	16	2017-03-04 12:38:00.992724	2017-03-04 12:38:00.992724
12	7	17	2017-03-04 12:38:33.804175	2017-03-04 12:38:33.804175
12	2	18	2017-03-04 12:38:54.876771	2017-03-04 12:38:54.876771
12	21	19	2017-03-04 12:39:09.4525	2017-03-04 12:39:09.4525
12	36	20	2017-03-04 12:39:19.180622	2017-03-04 12:39:19.180622
12	47	21	2017-03-04 12:39:29.82878	2017-03-04 12:39:29.82878
12	35	22	2017-03-04 12:39:41.110827	2017-03-04 12:39:41.110827
12	13	23	2017-03-04 12:39:56.420871	2017-03-04 12:39:56.420871
12	46	24	2017-03-04 12:41:57.602447	2017-03-04 12:41:57.602447
12	31	25	2017-03-04 12:42:08.804389	2017-03-04 12:42:08.804389
12	30	26	2017-03-04 12:45:07.611322	2017-03-04 12:45:07.611322
12	56	27	2017-03-04 12:45:28.398697	2017-03-04 12:45:28.398697
12	42	28	2017-03-04 12:45:39.025091	2017-03-04 12:45:39.025091
12	58	29	2017-03-04 12:46:00.57522	2017-03-04 12:46:00.57522
12	86	30	2017-03-04 12:46:12.477957	2017-03-04 12:46:12.477957
12	85	31	2017-03-04 12:46:29.565304	2017-03-04 12:46:29.565304
12	82	32	2017-03-04 12:46:40.733518	2017-03-04 12:46:40.733518
12	94	56	2017-03-04 12:58:04.217308	2017-03-04 12:58:04.217308
12	104	58	2017-03-04 12:58:16.355501	2017-03-04 12:58:16.355501
12	81	41	2017-03-05 02:34:56.634415	2017-03-05 02:34:56.634415
12	51	52	2017-03-05 02:35:34.891804	2017-03-05 02:35:34.891804
12	112	57	2017-03-05 02:39:05.193631	2017-03-05 02:39:05.193631
12	99	96	2017-03-05 02:40:16.072235	2017-03-05 02:40:16.072235
12	113	82	2017-03-05 02:42:53.866029	2017-03-05 02:42:53.866029
12	75	63	2017-03-05 02:45:45.017231	2017-03-05 02:45:45.017231
12	105	91	2017-03-05 19:51:00.401914	2017-03-05 19:51:00.401914
13	23	1	2017-03-07 14:45:33.971615	2017-03-07 14:45:33.971615
13	33	2	2017-03-07 14:45:47.257378	2017-03-07 14:45:47.257378
13	28	3	2017-03-07 14:45:56.061065	2017-03-07 14:45:56.061065
13	26	4	2017-03-07 14:46:09.136561	2017-03-07 14:46:09.136561
13	10	5	2017-03-07 14:46:32.577235	2017-03-07 14:46:32.577235
13	29	6	2017-03-07 14:46:52.366056	2017-03-07 14:46:52.366056
13	24	7	2017-03-07 14:47:03.93597	2017-03-07 14:47:03.93597
13	5	8	2017-03-07 14:47:12.509946	2017-03-07 14:47:12.509946
13	3	9	2017-03-07 14:47:26.593867	2017-03-07 14:47:26.593867
13	12	10	2017-03-07 14:47:35.540791	2017-03-07 14:47:35.540791
13	32	11	2017-03-07 14:47:44.477844	2017-03-07 14:47:44.477844
13	9	12	2017-03-07 14:48:00.741989	2017-03-07 14:48:00.741989
13	58	13	2017-03-07 14:48:20.606915	2017-03-07 14:48:20.606915
13	27	14	2017-03-07 14:48:29.827368	2017-03-07 14:48:29.827368
13	80	15	2017-03-07 14:48:51.100724	2017-03-07 14:48:51.100724
13	21	16	2017-03-07 14:49:05.200963	2017-03-07 14:49:05.200963
14	33	1	2017-03-27 12:48:17.12597	2017-03-27 12:48:17.12597
14	23	2	2017-03-27 12:48:30.057477	2017-03-27 12:48:30.057477
14	26	3	2017-03-27 12:48:41.558532	2017-03-27 12:48:41.558532
14	9	4	2017-03-27 12:48:56.606957	2017-03-27 12:48:56.606957
14	32	5	2017-03-27 12:49:10.530175	2017-03-27 12:49:10.530175
14	10	6	2017-03-27 12:49:26.047433	2017-03-27 12:49:26.047433
14	34	7	2017-03-27 12:49:49.209556	2017-03-27 12:49:49.209556
14	12	8	2017-03-27 12:50:07.740254	2017-03-27 12:50:07.740254
14	24	9	2017-03-27 12:50:21.703499	2017-03-27 12:50:21.703499
14	29	10	2017-03-27 12:50:38.631396	2017-03-27 12:50:38.631396
14	38	11	2017-03-27 12:50:51.115297	2017-03-27 12:50:51.115297
14	17	12	2017-03-27 12:51:01.770272	2017-03-27 12:51:01.770272
14	1	13	2017-03-27 12:51:12.188421	2017-03-27 12:51:12.188421
14	3	14	2017-03-27 12:51:32.36327	2017-03-27 12:51:32.36327
14	11	15	2017-03-27 12:51:56.087309	2017-03-27 12:51:56.087309
14	6	16	2017-03-27 12:52:10.894126	2017-03-27 12:52:10.894126
14	80	17	2017-03-27 12:52:26.808188	2017-03-27 12:52:26.808188
14	7	18	2017-03-27 12:52:41.003727	2017-03-27 12:52:41.003727
14	2	19	2017-03-27 12:52:54.959585	2017-03-27 12:52:54.959585
14	35	20	2017-03-27 12:53:06.814295	2017-03-27 12:53:06.814295
14	36	21	2017-03-27 12:53:17.412399	2017-03-27 12:53:17.412399
14	83	22	2017-03-27 12:53:29.912077	2017-03-27 12:53:29.912077
14	13	23	2017-03-27 12:53:54.172369	2017-03-27 12:53:54.172369
14	45	24	2017-03-27 12:54:04.680258	2017-03-27 12:54:04.680258
14	46	25	2017-03-27 12:54:15.246624	2017-03-27 12:54:15.246624
14	31	26	2017-03-27 12:54:28.812788	2017-03-27 12:54:28.812788
14	86	27	2017-03-27 12:54:43.503872	2017-03-27 12:54:43.503872
14	82	28	2017-03-27 12:54:56.911997	2017-03-27 12:54:56.911997
14	62	29	2017-03-27 12:55:16.686958	2017-03-27 12:55:16.686958
14	76	30	2017-03-27 12:55:34.867904	2017-03-27 12:55:34.867904
14	19	31	2017-03-27 12:56:05.113222	2017-03-27 12:56:05.113222
14	87	32	2017-03-27 12:56:26.518406	2017-03-27 12:56:26.518406
14	94	47	2017-03-27 12:56:56.315616	2017-03-27 12:56:56.315616
14	79	53	2017-03-31 06:34:44.743768	2017-03-31 06:34:44.743768
15	23	1	2017-04-15 13:27:12.407114	2017-04-15 13:27:12.407114
15	33	2	2017-04-15 13:27:24.119189	2017-04-15 13:27:24.119189
15	26	3	2017-04-15 13:27:46.468799	2017-04-15 13:27:46.468799
15	10	4	2017-04-15 13:27:59.497981	2017-04-15 13:27:59.497981
15	32	5	2017-04-15 13:28:10.029548	2017-04-15 13:28:10.029548
15	9	6	2017-04-15 13:28:22.806533	2017-04-15 13:28:22.806533
15	28	7	2017-04-15 13:28:31.475167	2017-04-15 13:28:31.475167
15	5	8	2017-04-15 13:28:40.004615	2017-04-15 13:28:40.004615
15	27	9	2017-04-15 13:28:54.633074	2017-04-15 13:28:54.633074
15	29	10	2017-04-15 13:29:15.193883	2017-04-15 13:29:15.193883
15	18	11	2017-04-15 13:29:25.879989	2017-04-15 13:29:25.879989
15	24	12	2017-04-15 13:29:37.396153	2017-04-15 13:29:37.396153
15	12	13	2017-04-15 13:29:46.785068	2017-04-15 13:29:46.785068
15	17	14	2017-04-15 13:29:56.826759	2017-04-15 13:29:56.826759
15	3	15	2017-04-15 13:30:11.814874	2017-04-15 13:30:11.814874
15	21	16	2017-04-15 13:30:24.321121	2017-04-15 13:30:24.321121
15	11	17	2017-04-15 13:30:40.184402	2017-04-15 13:30:40.184402
15	35	18	2017-04-15 13:30:57.677702	2017-04-15 13:30:57.677702
15	45	19	2017-04-15 13:31:08.203677	2017-04-15 13:31:08.203677
15	47	20	2017-04-15 13:31:20.472195	2017-04-15 13:31:20.472195
15	42	21	2017-04-15 13:31:35.125057	2017-04-15 13:31:35.125057
15	62	22	2017-04-15 13:31:49.914743	2017-04-15 13:31:49.914743
15	86	23	2017-04-15 13:32:04.08793	2017-04-15 13:32:04.08793
15	85	24	2017-04-15 13:32:12.706113	2017-04-15 13:32:12.706113
15	70	25	2017-04-15 13:32:22.358542	2017-04-15 13:32:22.358542
15	48	26	2017-04-15 13:32:30.293628	2017-04-15 13:32:30.293628
15	25	27	2017-04-15 13:32:41.699726	2017-04-15 13:32:41.699726
15	49	28	2017-04-15 13:32:54.359659	2017-04-15 13:32:54.359659
15	90	29	2017-04-15 13:33:09.941682	2017-04-15 13:33:09.941682
15	82	30	2017-04-15 13:33:17.513617	2017-04-15 13:33:17.513617
15	54	31	2017-04-15 13:33:25.491483	2017-04-15 13:33:25.491483
15	94	32	2017-04-15 13:33:35.298852	2017-04-15 13:33:35.298852
16	23	1	2017-09-18 01:44:31.377008	2017-09-18 01:44:31.377008
16	9	2	2017-09-18 01:44:44.824504	2017-09-18 01:44:44.824504
16	10	3	2017-09-18 01:44:57.717833	2017-09-18 01:44:57.717833
16	5	4	2017-09-18 01:45:06.882512	2017-09-18 01:45:06.882512
16	28	5	2017-09-18 01:45:15.204357	2017-09-18 01:45:15.204357
16	27	6	2017-09-18 01:45:24.052677	2017-09-18 01:45:24.052677
16	32	7	2017-09-18 01:45:37.191767	2017-09-18 01:45:37.191767
16	26	8	2017-09-18 01:45:45.625181	2017-09-18 01:45:45.625181
16	18	9	2017-09-18 01:45:54.838052	2017-09-18 01:45:54.838052
16	17	10	2017-09-18 01:46:05.902576	2017-09-18 01:46:05.902576
16	12	11	2017-09-18 01:46:14.048604	2017-09-18 01:46:14.048604
16	21	12	2017-09-18 01:46:27.232246	2017-09-18 01:46:27.232246
16	38	13	2017-09-18 01:46:39.720995	2017-09-18 01:46:39.720995
16	11	14	2017-09-18 01:46:48.008615	2017-09-18 01:46:48.008615
16	3	15	2017-09-18 01:47:01.601832	2017-09-18 01:47:01.601832
16	35	16	2017-09-18 01:47:11.993101	2017-09-18 01:47:11.993101
16	6	17	2017-09-18 01:47:21.337336	2017-09-18 01:47:21.337336
16	80	18	2017-09-18 01:47:34.77998	2017-09-18 01:47:34.77998
16	34	19	2017-09-18 01:47:44.512215	2017-09-18 01:47:44.512215
16	1	20	2017-09-18 01:47:54.196019	2017-09-18 01:47:54.196019
16	7	21	2017-09-18 01:48:09.246615	2017-09-18 01:48:09.246615
16	2	22	2017-09-18 01:48:17.148646	2017-09-18 01:48:17.148646
16	47	23	2017-09-18 01:48:27.910758	2017-09-18 01:48:27.910758
16	36	24	2017-09-18 01:48:37.023449	2017-09-18 01:48:37.023449
16	83	25	2017-09-18 01:48:54.449731	2017-09-18 01:48:54.449731
16	45	26	2017-09-18 01:49:03.086971	2017-09-18 01:49:03.086971
16	56	27	2017-09-18 01:49:19.542336	2017-09-18 01:49:19.542336
16	42	28	2017-09-18 01:49:30.177053	2017-09-18 01:49:30.177053
16	31	29	2017-09-18 01:49:44.122933	2017-09-18 01:49:44.122933
16	30	30	2017-09-18 01:49:59.249103	2017-09-18 01:49:59.249103
16	13	31	2017-09-18 01:50:12.611242	2017-09-18 01:50:12.611242
16	86	32	2017-09-18 01:50:25.251647	2017-09-18 01:50:25.251647
16	114	70	2017-09-18 02:06:11.414359	2017-09-18 02:06:11.414359
16	60	63	2017-09-18 09:56:26.622375	2017-09-18 09:56:26.622375
16	93	58	2017-09-18 09:57:07.836404	2017-09-18 09:57:07.836404
16	115	54	2017-09-18 12:12:24.124881	2017-09-18 12:12:24.124881
16	94	49	2017-09-18 12:14:50.00166	2017-09-18 12:14:50.00166
16	84	35	2017-09-18 13:09:23.759031	2017-09-18 13:09:23.759031
16	116	64	2017-09-19 09:52:46.343356	2017-09-19 09:52:46.343356
16	117	61	2017-09-19 09:53:03.126779	2017-09-19 09:53:03.126779
16	104	51	2017-09-19 09:56:33.088035	2017-09-19 09:56:33.088035
16	118	53	2017-09-19 09:58:09.078776	2017-09-19 09:58:09.078776
16	16	69	2017-09-19 13:35:17.743194	2017-09-19 13:35:17.743194
16	119	59	2017-09-20 15:01:16.526945	2017-09-20 15:01:16.526945
16	59	50	2017-09-20 15:04:48.116898	2017-09-20 15:04:48.116898
16	78	44	2017-09-23 07:19:13.945188	2017-09-23 07:19:13.945188
17	23	1	2017-11-02 03:26:37.908636	2017-11-02 03:26:37.908636
17	67	46	2017-11-02 03:27:27.139687	2017-11-02 03:27:27.139687
17	29	11	2017-11-02 03:28:19.202374	2017-11-02 03:28:19.202374
17	11	19	2017-11-02 03:28:46.825356	2017-11-02 03:28:46.825356
17	33	3	2017-11-02 03:29:08.379724	2017-11-02 03:29:08.379724
17	18	10	2017-11-02 03:29:25.130554	2017-11-02 03:29:25.130554
17	54	45	2017-11-02 03:30:27.701798	2017-11-02 03:30:27.701798
17	9	2	2017-11-02 03:30:49.981282	2017-11-02 03:30:49.981282
18	18	1	2019-12-13 09:31:15.425349	2019-12-13 09:31:15.425349
18	33	2	2019-12-13 09:31:32.227592	2019-12-13 09:31:32.227592
18	24	3	2019-12-13 09:31:43.798693	2019-12-13 09:31:43.798693
18	23	6	2019-12-13 09:32:00.464604	2019-12-13 09:32:00.464604
18	6	10	2019-12-13 09:32:31.677691	2019-12-13 09:32:31.677691
18	81	12	2019-12-13 09:32:50.648088	2019-12-13 09:32:50.648088
18	84	20	2019-12-13 09:33:04.940933	2019-12-13 09:33:04.940933
18	15	25	2019-12-13 09:33:20.558368	2019-12-13 09:33:20.558368
19	9	7	2021-01-17 09:32:15.790457	2021-01-17 09:32:15.790457
19	54	12	2021-01-17 09:32:44.913525	2021-01-17 09:32:44.913525
\.


--
-- Data for Name: matches; Type: TABLE DATA; Schema: public; Owner: postgres
--

COPY public.matches (id, tournament_id, number, date, session_id, player1_id, player2_id, created_at, updated_at, round_id) FROM stdin;
1	1	14	2016-09-19	1	1	2	2016-09-19 09:16:46.066487	2016-09-19 09:16:46.066487	1
2	1	11	2016-09-19	2	10	15	2016-09-19 12:55:59.420358	2016-09-19 12:55:59.420358	1
3	1	20	2016-09-19	1	9	13	2016-09-19 12:56:34.313485	2016-09-19 13:04:57.453853	1
5	1	18	2016-09-19	1	5	6	2016-09-19 13:11:49.229295	2016-09-19 13:11:49.229295	1
9	1	9	2016-09-20	1	17	7	2016-09-20 07:01:37.100108	2016-09-20 07:01:37.100108	1
10	1	12	2016-09-20	1	18	3	2016-09-20 07:02:04.27079	2016-09-20 07:06:41.284843	1
13	1	24	2016-09-20	2	23	14	2016-09-20 13:54:30.159455	2016-09-20 13:54:30.159455	1
14	1	10	2016-09-20	2	24	12	2016-09-20 13:55:23.598644	2016-09-20 13:55:23.598644	1
15	1	17	2016-09-21	1	26	30	2016-09-21 06:46:43.541154	2016-09-21 06:46:43.541154	1
16	1	21	2016-09-21	1	27	21	2016-09-21 06:47:08.272416	2016-09-21 06:47:08.272416	1
17	1	19	2016-09-21	1	29	19	2016-09-21 06:47:27.002743	2016-09-21 06:47:27.002743	1
18	1	15	2016-09-21	1	28	31	2016-09-21 06:49:37.097482	2016-09-21 06:49:37.097482	1
6	1	1	2016-09-19	1	7	8	2016-09-19 13:13:13.377214	2016-09-21 10:15:41.366172	6
8	1	2	2016-09-19	1	12	16	2016-09-19 15:39:43.475032	2016-09-21 10:17:22.919284	6
7	1	3	2016-09-19	1	3	4	2016-09-19 13:13:38.237897	2016-09-21 10:18:05.453731	6
11	1	5	2016-09-20	1	19	20	2016-09-20 07:02:25.821185	2016-09-21 10:18:55.004629	6
12	1	6	2016-09-20	1	21	22	2016-09-20 07:02:51.265355	2016-09-21 10:19:27.71038	6
4	1	8	2016-09-19	1	11	14	2016-09-19 12:57:09.135935	2016-09-21 10:20:35.537123	6
19	1	13	2016-09-21	2	33	36	2016-09-21 11:56:15.897952	2016-09-21 11:56:15.897952	1
20	1	16	2016-09-21	2	32	35	2016-09-21 11:56:55.683542	2016-09-21 11:56:55.683542	1
21	1	22	2016-09-21	2	38	37	2016-09-21 11:59:52.997666	2016-09-21 11:59:52.997666	1
22	1	23	2016-09-21	2	34	25	2016-09-21 12:00:25.45279	2016-09-21 12:00:25.45279	1
23	1	4	2016-09-19	1	35	39	2016-09-21 13:22:40.968332	2016-09-21 13:22:40.968332	6
24	1	28	2016-09-22	1	28	35	2016-09-22 05:20:36.615345	2016-09-22 05:20:36.615345	2
25	1	29	2016-09-22	1	26	6	2016-09-22 05:20:55.962084	2016-09-22 05:23:06.042299	2
26	1	31	2016-09-22	1	21	37	2016-09-22 05:21:22.690126	2016-09-22 05:23:59.074778	2
27	1	32	2016-09-22	1	25	23	2016-09-22 05:21:50.355103	2016-09-22 05:24:48.267964	2
28	1	26	2016-09-22	2	10	18	2016-09-22 13:50:59.377301	2016-09-22 13:50:59.377301	2
29	1	30	2016-09-22	2	29	9	2016-09-22 13:51:30.44839	2016-09-22 13:51:30.44839	2
30	1	25	2016-09-22	2	7	24	2016-09-22 13:52:08.418076	2016-09-22 13:52:08.418076	2
32	1	35	2016-09-23	1	26	29	2016-09-23 06:48:11.428503	2016-09-23 06:48:11.428503	3
33	1	36	2016-09-23	1	21	23	2016-09-23 06:48:43.801853	2016-09-23 06:48:43.801853	3
34	1	33	2016-09-23	2	7	10	2016-09-23 06:49:21.461399	2016-09-23 06:49:21.461399	3
35	1	34	2016-09-23	2	2	35	2016-09-23 06:49:44.454719	2016-09-23 06:49:44.454719	3
36	1	38	2016-09-24	1	26	23	2016-09-24 09:17:40.034328	2016-09-24 09:17:40.034328	4
37	1	37	2016-09-24	2	10	35	2016-09-24 09:18:27.733945	2016-09-24 09:18:27.733945	4
38	1	39	2016-09-25	1	10	23	2016-09-25 15:07:26.549978	2016-09-25 15:07:26.549978	5
31	1	27	2016-09-22	1	33	2	2016-09-22 13:52:31.291698	2016-09-26 03:23:08.867919	1
39	1	7	2016-09-19	1	25	40	2016-09-26 03:33:44.554798	2016-09-26 03:36:21.161637	6
40	2	17	2016-10-03	3	3	29	2016-10-03 08:34:02.060746	2016-10-03 08:34:02.060746	1
41	2	8	2016-10-03	3	41	42	2016-10-03 08:37:54.483755	2016-10-03 08:37:54.483755	1
42	2	7	2016-10-03	4	9	7	2016-10-03 11:44:25.647761	2016-10-03 11:44:25.647761	1
43	2	15	2016-10-03	4	27	45	2016-10-03 11:52:41.240498	2016-10-03 11:52:41.240498	1
44	2	4	2016-10-03	4	28	43	2016-10-03 11:53:04.498799	2016-10-03 11:53:04.498799	1
45	2	9	2016-10-03	5	44	5	2016-10-03 12:26:03.137541	2016-10-03 12:26:03.137541	1
47	2	16	2016-10-03	6	49	53	2016-10-03 12:47:56.090024	2016-10-03 12:47:56.090024	1
49	2	6	2016-10-03	7	54	1	2016-10-03 12:50:11.99863	2016-10-03 12:50:11.99863	1
46	2	1	2016-10-03	6	23	48	2016-10-03 12:29:25.551869	2016-10-03 16:22:21.085707	6
48	2	2	2016-10-03	7	52	24	2016-10-03 12:49:32.415414	2016-10-03 16:28:31.855337	6
50	2	12	2016-10-04	3	55	12	2016-10-04 01:41:28.70318	2016-10-04 01:41:28.70318	1
51	2	5	2016-10-04	4	51	50	2016-10-04 01:42:09.334969	2016-10-04 01:42:09.334969	1
52	2	10	2016-10-04	4	36	33	2016-10-04 01:42:48.710994	2016-10-04 01:42:48.710994	1
53	2	3	2016-10-04	5	23	56	2016-10-04 01:43:30.464855	2016-10-04 01:43:30.464855	1
54	2	14	2016-10-04	5	57	18	2016-10-04 01:44:11.433308	2016-10-04 01:44:11.433308	1
55	2	11	2016-10-04	6	32	46	2016-10-04 01:44:49.957856	2016-10-04 01:44:49.957856	1
56	2	18	2016-10-04	6	47	15	2016-10-04 01:45:19.269736	2016-10-04 01:45:19.269736	1
57	2	13	2016-10-04	7	6	24	2016-10-04 01:45:59.083694	2016-10-04 01:45:59.083694	1
58	2	21	2016-10-05	4	9	42	2016-10-05 03:18:42.095994	2016-10-05 03:18:42.095994	2
59	2	20	2016-10-05	5	51	1	2016-10-05 03:19:16.051477	2016-10-05 03:19:16.051477	2
60	2	24	2016-10-05	6	24	18	2016-10-05 03:19:47.854701	2016-10-05 03:19:47.854701	2
61	2	25	2016-10-05	7	27	53	2016-10-05 03:20:15.086335	2016-10-05 03:20:15.086335	2
62	2	23	2016-10-06	4	46	12	2016-10-06 12:54:51.616155	2016-10-06 12:54:51.616155	2
63	2	26	2016-10-06	5	3	15	2016-10-06 12:55:23.640115	2016-10-06 12:55:23.640115	2
64	2	22	2016-10-06	6	44	33	2016-10-06 12:56:22.038213	2016-10-06 12:56:22.038213	2
65	2	19	2016-10-06	7	23	28	2016-10-06 12:57:18.243175	2016-10-06 12:57:18.243175	2
66	2	28	2016-10-07	4	9	33	2016-10-07 17:30:27.200659	2016-10-07 17:30:27.200659	3
67	2	27	2016-10-07	5	23	51	2016-10-07 17:31:01.578184	2016-10-07 17:31:01.578184	3
68	2	29	2016-10-07	6	46	24	2016-10-07 17:31:44.160256	2016-10-07 17:31:44.160256	3
69	2	30	2016-10-07	7	27	3	2016-10-07 17:32:18.361729	2016-10-07 17:32:18.361729	3
70	2	31	2016-10-08	4	23	33	2016-10-07 17:42:01.584913	2016-10-07 17:42:01.584913	4
71	2	32	2016-10-08	6	24	27	2016-10-07 17:42:52.9861	2016-10-07 17:42:52.9861	4
72	3	121	2016-10-14	8	28	1	2016-10-14 07:42:16.679234	2016-10-14 07:42:16.679234	3
73	3	122	2016-10-14	9	9	33	2016-10-14 07:42:52.17821	2016-10-14 07:42:52.17821	3
74	3	123	2016-10-14	10	12	58	2016-10-14 07:43:29.709697	2016-10-14 07:43:29.709697	3
75	3	124	2016-10-14	10	59	26	2016-10-14 07:43:59.128036	2016-10-14 07:43:59.128036	3
78	4	12	2016-10-23	11	62	3	2016-10-23 03:46:47.226313	2016-10-23 04:48:28.217421	1
76	4	22	2016-10-23	11	5	60	2016-10-23 02:18:42.156456	2016-10-23 05:06:28.586309	1
77	4	11	2016-10-23	11	61	11	2016-10-23 03:39:21.148299	2016-10-23 05:13:07.486617	1
79	4	24	2016-10-23	11	32	41	2016-10-23 03:49:21.470053	2016-10-23 05:58:57.076159	1
85	4	27	2016-10-23	13	29	67	2016-10-23 06:35:29.954668	2016-10-23 06:35:29.954668	1
86	4	33	2016-10-23	13	27	68	2016-10-23 06:38:39.340287	2016-10-23 06:38:39.340287	1
82	4	20	2016-10-23	12	65	6	2016-10-23 06:23:53.7595	2016-10-23 12:12:14.030855	1
84	4	7	2016-10-23	13	12	37	2016-10-23 06:32:08.114678	2016-10-23 16:26:57.392999	6
83	4	2	2016-10-23	13	10	66	2016-10-23 06:29:28.701217	2016-10-24 02:15:48.049842	6
80	4	1	2016-10-23	12	9	63	2016-10-23 06:03:03.191988	2016-10-24 02:16:09.955982	6
81	4	8	2016-10-23	12	23	64	2016-10-23 06:11:07.360031	2016-10-24 02:17:21.282589	6
87	4	17	2016-10-24	12	33	14	2016-10-24 02:21:23.412691	2016-10-24 02:21:23.412691	1
89	4	25	2016-10-24	12	26	69	2016-10-24 02:26:24.803748	2016-10-24 02:26:24.803748	1
94	4	9	2016-10-24	12	9	71	2016-10-24 02:50:48.380016	2016-10-24 02:50:48.380016	1
96	4	35	2016-10-24	12	34	44	2016-10-24 02:59:31.706042	2016-10-24 02:59:31.706042	1
90	4	14	2016-10-24	13	10	49	2016-10-24 02:28:17.41961	2016-10-24 14:01:58.609933	1
91	4	30	2016-10-24	13	24	70	2016-10-24 02:32:41.300237	2016-10-24 14:25:37.197316	1
93	4	40	2016-10-24	13	23	51	2016-10-24 02:45:24.540564	2016-10-24 14:27:57.932092	1
95	4	16	2016-10-24	13	1	72	2016-10-24 02:57:42.900473	2016-10-24 14:35:12.096082	1
92	4	37	2016-10-24	13	12	4	2016-10-24 02:36:22.53689	2016-10-24 15:12:16.313238	1
88	4	19	2016-10-24	12	8	38	2016-10-24 02:23:27.776239	2016-10-24 12:19:16.813382	1
98	4	47	2016-10-25	12	73	5	2016-10-24 13:33:54.747887	2016-10-24 13:33:54.747887	2
99	4	49	2016-10-25	12	26	56	2016-10-24 13:42:28.077253	2016-10-24 13:42:28.077253	2
100	4	53	2016-10-25	12	27	58	2016-10-24 13:44:47.245942	2016-10-24 13:44:47.245942	2
101	4	41	2016-10-25	13	9	74	2016-10-24 14:00:31.646124	2016-10-24 14:00:31.646124	2
104	4	56	2016-10-25	12	23	75	2016-10-25 06:24:20.309995	2016-10-25 09:17:14.303655	2
97	4	46	2016-10-25	12	65	8	2016-10-24 13:28:51.353126	2016-10-25 12:25:52.741496	2
103	4	48	2016-10-25	12	32	54	2016-10-25 06:19:49.795504	2016-10-25 12:26:39.889815	2
102	4	44	2016-10-25	12	1	45	2016-10-25 06:15:55.651053	2016-10-25 12:29:32.823469	2
105	4	43	2016-10-25	13	10	76	2016-10-25 14:08:30.281026	2016-10-25 14:08:30.281026	2
106	4	51	2016-10-25	13	24	19	2016-10-25 14:44:57.425097	2016-10-25 14:44:57.425097	2
107	4	55	2016-10-25	13	12	78	2016-10-25 14:49:36.66303	2016-10-25 14:49:36.66303	2
109	4	54	2016-10-25	13	34	77	2016-10-25 14:52:58.594187	2016-10-25 14:52:58.594187	2
110	4	45	2016-10-25	13	33	42	2016-10-25 14:56:10.376478	2016-10-25 14:56:10.376478	2
108	4	50	2016-10-25	13	29	35	2016-10-25 14:52:24.334834	2016-10-25 15:35:18.958997	2
111	4	57	2016-10-26	12	9	62	2016-10-26 02:00:37.367987	2016-10-26 02:00:37.367987	7
112	4	60	2016-10-26	12	32	73	2016-10-26 02:01:10.407823	2016-10-26 02:01:10.407823	7
113	4	61	2016-10-26	12	26	29	2016-10-26 02:01:43.224856	2016-10-26 02:01:43.224856	7
114	4	64	2016-10-26	12	23	12	2016-10-26 02:02:25.949269	2016-10-26 02:02:25.949269	7
116	4	58	2016-10-26	13	10	1	2016-10-26 13:07:27.975158	2016-10-26 13:07:27.975158	7
118	4	59	2016-10-26	13	33	65	2016-10-26 13:08:19.368542	2016-10-26 13:08:19.368542	7
117	4	63	2016-10-26	13	34	27	2016-10-26 13:07:51.664529	2016-10-26 13:56:29.693485	7
115	4	62	2016-10-26	13	7	24	2016-10-26 13:06:58.80106	2016-10-26 15:29:26.682215	7
119	4	65	2016-10-27	12	10	9	2016-10-27 08:52:39.027259	2016-10-27 08:52:39.027259	3
120	4	66	2016-10-27	12	33	32	2016-10-27 08:53:02.100604	2016-10-27 08:53:02.100604	3
121	4	68	2016-10-27	13	23	34	2016-10-27 11:44:34.295317	2016-10-27 11:44:34.295317	3
122	4	67	2016-10-27	13	26	7	2016-10-27 11:45:04.76074	2016-10-27 11:45:04.76074	3
123	4	69	2016-10-28	12	10	33	2016-10-30 02:04:18.157486	2016-10-30 02:04:18.157486	4
124	4	70	2016-10-29	12	23	26	2016-10-30 02:05:07.299394	2016-10-30 02:05:07.299394	4
125	4	71	2016-10-30	12	23	10	2016-10-30 02:05:53.292264	2016-11-01 06:36:29.151305	5
126	5	1	2016-11-01	14	23	3	2016-11-01 06:44:46.433332	2016-11-01 06:44:46.433332	1
127	5	2	2016-11-01	14	18	1	2016-11-01 06:45:02.788254	2016-11-01 06:45:02.788254	1
130	5	5	2016-11-02	14	32	34	2016-11-02 05:53:51.08403	2016-11-02 05:53:51.08403	1
131	5	8	2016-11-02	14	26	12	2016-11-02 05:54:11.381437	2016-11-02 05:54:11.381437	1
129	5	6	2016-11-01	14	5	10	2016-11-01 06:45:40.216364	2016-11-02 05:56:18.193335	1
128	5	4	2016-11-01	14	29	33	2016-11-01 06:45:22.531368	2016-11-02 05:56:46.661985	1
132	5	3	2016-11-02	15	9	38	2016-11-02 05:55:02.106995	2016-11-02 05:57:09.151361	1
133	5	7	2016-11-02	15	7	27	2016-11-02 05:58:24.433547	2016-11-03 07:04:16.192137	1
135	5	10	2016-11-03	14	9	29	2016-11-03 07:06:49.289326	2016-11-03 07:06:49.289326	3
136	5	11	2016-11-03	15	32	5	2016-11-03 07:07:13.558946	2016-11-03 07:07:13.558946	3
134	5	9	2016-11-03	14	18	23	2016-11-03 07:06:21.995628	2016-11-04 06:51:51.200583	3
137	5	12	2016-11-03	15	26	7	2016-11-03 07:07:36.407986	2016-11-04 06:54:00.504693	3
138	5	13	2016-11-04	14	9	18	2016-11-04 06:55:00.797452	2016-11-04 15:32:07.273941	4
139	5	14	2016-11-04	14	26	32	2016-11-04 06:55:23.538607	2016-11-04 15:32:29.909795	4
140	5	15	2016-11-05	14	9	26	2016-11-04 15:55:31.876663	2016-11-04 15:55:31.876663	5
141	6	113	2016-11-17	16	79	15	2016-11-18 02:20:40.286189	2016-11-18 02:20:40.286189	8
142	6	114	2016-11-17	16	80	19	2016-11-18 02:21:04.780834	2016-11-18 02:21:04.780834	8
143	6	115	2016-11-17	16	17	24	2016-11-18 02:21:26.656681	2016-11-18 02:21:26.656681	8
144	6	116	2016-11-17	16	38	9	2016-11-18 02:21:57.264541	2016-11-18 02:21:57.264541	8
145	6	117	2016-11-17	16	2	56	2016-11-18 02:22:17.684768	2016-11-18 02:22:17.684768	8
146	6	118	2016-11-17	16	28	81	2016-11-18 02:22:40.626906	2016-11-18 02:22:40.626906	8
147	6	119	2016-11-17	16	18	82	2016-11-18 02:23:20.458004	2016-11-18 02:23:20.458004	8
148	6	120	2016-11-17	16	58	54	2016-11-18 02:23:39.034923	2016-11-18 02:23:39.034923	8
150	6	122	2016-11-18	17	17	38	2016-11-18 02:28:17.610383	2016-11-18 02:28:17.610383	3
151	6	123	2016-11-18	16	28	2	2016-11-18 02:28:42.997483	2016-11-18 15:13:30.207219	3
149	6	121	2016-11-18	18	80	79	2016-11-18 02:27:52.999607	2016-11-19 02:17:31.90555	3
152	6	124	2016-11-18	18	58	18	2016-11-18 02:29:08.316215	2016-11-19 02:18:26.634847	3
153	6	125	2016-11-19	16	80	17	2016-11-19 02:20:17.391147	2016-11-19 02:20:17.391147	4
154	6	126	2016-11-19	18	28	58	2016-11-19 02:20:56.746215	2016-11-19 02:20:56.746215	4
155	6	127	2016-11-20	17	80	28	2016-11-20 01:05:33.45747	2016-11-20 01:05:33.45747	5
156	7	32	2016-11-22	20	33	65	2016-11-22 05:29:37.430895	2016-11-22 05:29:37.430895	1
157	7	42	2016-11-22	20	7	93	2016-11-22 05:30:09.811044	2016-11-23 01:52:20.783782	1
160	7	16	2016-11-23	20	24	95	2016-11-23 02:06:36.204198	2016-11-23 02:06:36.204198	1
158	7	50	2016-11-23	21	94	72	2016-11-23 01:56:31.50608	2016-11-23 12:54:58.569337	1
159	7	8	2016-11-23	19	15	89	2016-11-23 02:05:39.741917	2016-11-24 01:35:32.521823	1
161	7	22	2016-11-24	21	67	60	2016-11-24 01:37:10.651075	2016-11-24 01:37:10.651075	1
162	7	3	2016-11-24	20	96	84	2016-11-24 01:43:18.589118	2016-11-25 03:54:13.483426	1
163	7	89	2016-11-25	22	9	94	2016-11-25 03:57:26.123001	2016-11-25 03:57:26.123001	2
164	7	96	2016-11-26	22	23	52	2016-11-27 02:04:24.416482	2016-11-27 02:04:24.416482	2
165	7	72	2016-11-27	22	24	53	2016-11-27 15:01:06.500659	2016-11-27 15:01:06.500659	2
166	7	1	2016-11-22	19	97	27	2016-11-29 01:46:23.408878	2016-11-29 01:46:23.408878	1
167	7	14	2016-11-22	19	98	13	2016-11-29 01:53:24.443879	2016-11-29 01:53:24.443879	1
168	7	17	2016-11-22	19	10	99	2016-11-29 01:58:46.141132	2016-11-29 01:58:46.141132	1
169	7	18	2016-11-22	19	100	92	2016-11-29 02:03:31.02394	2016-11-29 02:03:31.02394	1
170	7	25	2016-11-22	19	37	81	2016-11-29 02:07:11.192503	2016-11-29 02:07:11.192503	1
171	7	28	2016-11-22	19	5	101	2016-11-29 02:11:41.757465	2016-11-29 02:11:41.757465	1
172	7	49	2016-11-22	19	9	102	2016-11-29 02:17:15.431229	2016-11-29 02:17:15.431229	1
173	7	64	2016-11-22	19	23	103	2016-11-29 02:23:06.155696	2016-11-29 02:23:06.155696	1
174	7	71	2016-11-25	19	98	87	2016-11-29 02:28:03.555968	2016-11-29 02:28:03.555968	2
175	7	73	2016-11-25	19	10	100	2016-11-29 02:29:40.552187	2016-11-29 02:29:40.552187	2
176	7	77	2016-11-25	19	37	11	2016-11-29 02:31:14.743243	2016-11-29 02:31:14.743243	2
177	7	78	2016-11-25	19	5	90	2016-11-29 02:32:55.837289	2016-11-29 02:32:55.837289	2
178	7	80	2016-11-25	19	68	33	2016-11-29 02:34:15.524227	2016-11-29 02:34:15.524227	2
179	7	88	2016-11-25	19	32	41	2016-11-29 02:36:17.049557	2016-11-29 02:36:17.049557	2
180	7	97	2016-11-28	19	96	97	2016-11-29 02:38:57.57207	2016-11-29 02:38:57.57207	7
181	7	100	2016-11-28	19	24	98	2016-11-29 02:40:14.330972	2016-11-29 02:40:14.330972	7
182	7	102	2016-11-28	19	6	29	2016-11-29 02:41:10.380353	2016-11-29 02:41:10.380353	7
183	7	103	2016-11-28	19	5	37	2016-11-29 02:42:16.557338	2016-11-29 02:42:16.557338	7
184	7	105	2016-11-28	19	47	50	2016-11-29 02:42:53.00722	2016-11-29 02:42:53.00722	7
185	7	109	2016-11-28	19	9	36	2016-11-29 02:43:33.278885	2016-11-29 02:43:33.278885	7
186	7	112	2016-11-28	22	23	31	2016-11-29 02:44:21.725985	2016-11-29 02:44:21.725985	7
188	7	99	2016-11-29	22	76	34	2016-11-29 02:47:54.170558	2016-11-29 02:47:54.170558	7
193	7	110	2016-11-29	20	18	21	2016-11-29 02:54:03.27587	2016-11-29 02:54:03.27587	7
194	7	111	2016-11-29	20	104	66	2016-11-29 03:00:01.508988	2016-11-29 03:00:01.508988	7
190	7	108	2016-11-29	22	32	56	2016-11-29 02:51:28.913461	2016-11-30 01:45:34.502381	7
187	7	98	2016-11-29	22	38	1	2016-11-29 02:47:20.561423	2016-11-30 01:44:38.845318	7
191	7	101	2016-11-29	20	30	10	2016-11-29 02:52:28.060278	2016-11-30 01:46:46.981418	7
192	7	106	2016-11-29	20	35	48	2016-11-29 02:53:00.763723	2016-11-30 01:47:33.019669	7
189	7	104	2016-11-29	22	68	86	2016-11-29 02:50:31.628769	2016-11-29 16:04:26.273055	7
195	7	114	2016-11-30	22	24	76	2016-11-30 01:52:17.568583	2016-11-30 01:52:17.568583	8
196	7	118	2016-11-30	22	32	62	2016-11-30 01:52:45.528646	2016-11-30 01:52:45.528646	8
198	7	120	2016-11-30	20	23	104	2016-11-30 01:55:25.920688	2016-11-30 01:55:25.920688	8
197	7	116	2016-11-30	20	5	68	2016-11-30 01:53:08.042162	2016-11-30 01:55:55.395581	8
199	7	115	2016-12-01	22	30	6	2016-12-01 01:41:41.229633	2016-12-01 01:41:41.229633	8
200	7	119	2016-12-01	22	9	18	2016-12-01 01:42:10.693511	2016-12-01 01:42:10.693511	8
202	7	117	2016-12-01	20	47	35	2016-12-01 01:43:09.527604	2016-12-01 01:43:09.527604	8
201	7	113	2016-12-01	20	38	96	2016-12-01 01:42:42.472758	2016-12-02 01:25:59.929209	8
203	7	123	2016-12-02	22	32	47	2016-12-02 01:27:56.457849	2016-12-02 16:51:58.035599	3
204	7	124	2016-12-02	22	23	9	2016-12-02 01:28:32.947179	2016-12-03 06:02:11.725315	3
205	7	121	2016-12-02	20	24	38	2016-12-02 01:29:27.269204	2016-12-03 06:02:44.841581	3
206	7	122	2016-12-02	20	5	30	2016-12-02 01:29:45.736627	2016-12-03 06:03:22.54547	3
207	7	126	2016-12-03	22	23	32	2016-12-03 06:12:37.978201	2016-12-04 01:45:42.518464	4
208	7	125	2016-12-03	20	24	5	2016-12-03 06:13:12.105094	2016-12-04 01:46:34.69339	4
209	7	127	2016-12-04	22	23	24	2016-12-04 01:47:49.540559	2016-12-05 07:21:27.392546	5
210	8	52	2016-12-12	23	78	65	2016-12-12 12:33:58.368612	2016-12-12 12:33:58.368612	1
214	8	44	2016-12-13	23	29	84	2016-12-12 12:41:55.673783	2016-12-12 12:41:55.673783	1
216	8	51	2016-12-13	24	60	44	2016-12-12 12:48:08.976351	2016-12-12 12:48:08.976351	1
217	8	64	2016-12-12	24	9	83	2016-12-12 13:03:50.654979	2016-12-12 13:03:50.654979	1
218	8	1	2016-12-12	25	61	26	2016-12-12 15:06:32.008975	2016-12-13 07:01:35.635759	1
211	8	11	2016-12-12	28	63	89	2016-12-12 12:36:52.694286	2016-12-13 07:02:39.748608	1
212	8	20	2016-12-13	23	25	93	2016-12-12 12:39:10.578864	2016-12-13 12:16:57.862954	1
213	8	23	2016-12-13	23	41	95	2016-12-12 12:41:28.85595	2016-12-13 12:18:34.851825	1
215	8	35	2016-12-13	24	94	105	2016-12-12 12:46:07.560347	2016-12-13 16:04:09.798216	1
219	8	53	2016-12-13	24	24	13	2016-12-13 16:15:28.120029	2016-12-13 16:15:28.120029	1
220	8	32	2016-12-13	26	32	106	2016-12-13 16:27:53.572864	2016-12-13 16:27:53.572864	1
221	8	17	2016-12-13	29	27	107	2016-12-14 01:34:42.335931	2016-12-14 01:34:42.335931	1
222	8	12	2016-12-13	28	12	108	2016-12-14 01:38:03.489829	2016-12-14 01:38:03.489829	1
223	8	33	2016-12-12	28	33	109	2016-12-14 01:42:09.46397	2016-12-14 01:42:09.46397	1
225	8	81	2016-12-14	24	33	99	2016-12-14 01:53:08.295675	2016-12-14 01:53:08.295675	2
226	8	73	2016-12-14	25	27	82	2016-12-14 02:13:56.407404	2016-12-14 02:13:56.407404	2
227	8	82	2016-12-14	26	94	77	2016-12-14 02:15:44.934852	2016-12-14 02:15:44.934852	2
228	8	80	2016-12-14	28	70	32	2016-12-14 02:18:01.94232	2016-12-14 02:18:01.94232	2
229	8	91	2016-12-14	28	24	110	2016-12-14 02:21:10.247531	2016-12-14 02:21:10.247531	2
224	8	90	2016-12-14	23	78	60	2016-12-14 01:49:53.979067	2016-12-14 14:33:08.414134	2
230	8	65	2016-12-14	29	50	61	2016-12-14 02:23:53.561564	2016-12-15 02:04:58.370558	2
231	8	70	2016-12-14	29	12	63	2016-12-14 02:25:57.019218	2016-12-15 02:05:54.501334	2
232	8	96	2016-12-14	29	9	15	2016-12-14 02:27:10.581333	2016-12-15 02:06:51.364128	2
233	8	105	2016-12-15	30	33	94	2016-12-15 02:25:49.900687	2016-12-15 02:25:49.900687	7
234	8	110	2016-12-15	24	24	111	2016-12-15 02:30:28.95314	2016-12-15 02:30:28.95314	7
235	8	108	2016-12-15	30	31	34	2016-12-15 02:44:12.072588	2016-12-15 02:44:12.072588	7
236	8	102	2016-12-15	24	5	41	2016-12-15 02:44:56.283149	2016-12-15 02:44:56.283149	7
238	8	104	2016-12-15	24	46	70	2016-12-15 02:46:24.273836	2016-12-15 02:46:24.273836	7
239	8	109	2016-12-15	24	18	78	2016-12-15 02:47:01.815052	2016-12-15 02:47:01.815052	7
241	8	106	2016-12-15	30	17	68	2016-12-15 13:07:47.068074	2016-12-15 13:07:47.068074	7
237	8	103	2016-12-15	24	38	35	2016-12-15 02:45:35.053058	2016-12-15 15:24:06.390424	7
240	8	112	2016-12-15	25	9	37	2016-12-15 02:49:32.446258	2016-12-16 01:19:02.940587	7
242	8	113	2016-12-15	29	12	28	2016-12-16 02:03:38.262448	2016-12-16 02:03:38.262448	8
243	8	115	2016-12-15	29	5	27	2016-12-16 02:04:30.741727	2016-12-16 02:04:30.741727	8
244	8	116	2016-12-15	29	46	38	2016-12-16 02:05:04.096117	2016-12-16 02:05:04.096117	8
245	8	117	2016-12-15	29	33	17	2016-12-16 02:05:42.161432	2016-12-16 02:05:42.161432	8
246	8	119	2016-12-15	29	24	18	2016-12-16 02:06:37.526227	2016-12-16 02:06:37.526227	8
247	8	120	2016-12-15	29	9	56	2016-12-16 02:09:43.207041	2016-12-16 02:09:43.207041	8
249	8	121	2016-12-16	28	50	12	2016-12-16 02:14:13.657676	2016-12-16 02:14:13.657676	3
250	8	122	2016-12-16	28	5	46	2016-12-16 02:14:31.682041	2016-12-16 02:14:31.682041	3
251	8	123	2016-12-16	25	33	31	2016-12-16 02:15:20.023895	2016-12-16 02:15:20.023895	3
252	8	127	2016-12-18	23	5	9	2016-12-20 07:47:24.545404	2016-12-20 07:47:24.545404	5
254	8	125	2016-12-17	23	5	50	2016-12-20 07:48:29.128947	2016-12-20 07:48:29.128947	4
253	8	126	2016-12-17	23	9	33	2016-12-20 07:48:03.051861	2016-12-20 07:49:26.082699	4
248	8	124	2016-12-16	30	9	24	2016-12-16 02:13:17.590973	2016-12-20 07:50:03.664521	3
255	9	1	2017-01-15	31	24	12	2017-01-15 13:14:20.838119	2017-01-15 13:14:20.838119	1
256	9	6	2017-01-15	32	10	17	2017-01-15 13:14:42.765628	2017-01-15 13:14:42.765628	1
257	9	4	2017-01-16	31	18	9	2017-01-16 12:58:28.593212	2017-01-17 13:06:26.258686	1
258	9	5	2017-01-16	32	34	26	2017-01-16 12:58:51.637295	2017-01-17 13:06:41.078673	1
260	9	2	2017-01-17	32	27	29	2017-01-17 13:08:16.112764	2017-01-17 13:08:16.112764	1
259	9	3	2017-01-17	31	5	33	2017-01-17 13:07:51.295472	2017-01-18 02:17:31.509287	1
261	9	8	2017-01-18	31	23	38	2017-01-18 02:19:42.101774	2017-01-18 02:19:42.101774	1
262	9	7	2017-01-18	32	28	32	2017-01-18 02:20:00.105075	2017-01-19 15:14:39.116791	1
263	9	9	2017-01-19	31	24	27	2017-01-19 15:16:28.125966	2017-01-19 15:16:28.125966	3
264	9	10	2017-01-19	32	5	18	2017-01-19 15:16:48.14515	2017-01-19 15:16:48.14515	3
265	9	12	2017-01-20	31	28	23	2017-01-19 15:17:37.152341	2017-01-19 15:17:37.152341	3
266	9	11	2017-01-20	32	34	10	2017-01-19 15:17:55.485691	2017-01-19 15:17:55.485691	3
267	9	13	2017-01-21	31	24	5	2017-01-22 02:03:42.607186	2017-01-22 02:03:42.607186	4
268	9	14	2017-01-21	32	34	28	2017-01-22 02:04:04.334755	2017-01-22 02:04:04.334755	4
269	9	15	2017-01-22	31	24	34	2017-01-22 02:04:31.463539	2017-01-22 02:04:31.463539	5
270	10	1	2017-02-01	33	11	30	2017-02-01 13:20:37.665681	2017-02-01 13:20:37.665681	1
271	10	7	2017-02-01	33	29	35	2017-02-01 13:21:13.689464	2017-02-02 02:18:20.278395	1
272	10	6	2017-02-01	34	80	24	2017-02-01 13:21:45.655705	2017-02-02 02:18:53.617166	1
273	10	8	2017-02-01	34	106	60	2017-02-01 13:24:14.327936	2017-02-02 02:19:39.232404	1
275	10	17	2017-02-02	34	11	1	2017-02-02 02:26:54.273604	2017-02-02 02:26:54.273604	2
276	10	20	2017-02-02	34	29	106	2017-02-02 02:27:26.514754	2017-02-02 02:27:26.514754	2
277	10	9	2017-02-02	35	26	109	2017-02-02 09:38:05.537025	2017-02-02 09:38:05.537025	1
278	10	14	2017-02-02	35	28	2	2017-02-02 09:39:21.12967	2017-02-02 09:39:21.12967	1
274	10	16	2017-02-02	36	23	84	2017-02-02 02:25:56.670831	2017-02-02 15:30:46.647988	1
279	10	10	2017-02-02	36	6	5	2017-02-02 09:40:02.611825	2017-02-03 08:01:15.581869	1
281	10	26	2017-02-03	34	29	42	2017-02-03 08:07:50.330518	2017-02-04 01:40:12.417991	3
282	10	21	2017-02-03	33	26	6	2017-02-03 13:07:58.413936	2017-02-03 13:07:58.413936	2
283	10	23	2017-02-03	33	28	36	2017-02-03 13:10:31.141233	2017-02-03 13:10:31.141233	2
284	10	22	2017-02-03	33	54	7	2017-02-03 15:54:18.239874	2017-02-03 15:54:18.239874	2
280	10	24	2017-02-03	33	58	23	2017-02-03 08:05:20.22579	2017-02-03 16:38:31.415478	2
285	10	25	2017-02-03	34	11	21	2017-02-04 01:43:37.770799	2017-02-04 01:43:37.770799	3
286	10	27	2017-02-03	34	26	54	2017-02-04 01:44:01.47267	2017-02-04 01:44:01.47267	3
287	10	28	2017-02-03	34	58	28	2017-02-04 01:44:23.582844	2017-02-04 01:44:23.582844	3
288	10	29	2017-02-04	33	29	11	2017-02-04 01:46:27.358268	2017-02-05 02:58:09.248009	4
289	10	30	2017-02-04	34	58	26	2017-02-04 01:46:55.886852	2017-02-05 02:58:29.609516	4
291	10	15	2017-02-01	34	58	38	2017-02-05 03:03:00.243818	2017-02-05 03:03:00.243818	1
290	10	31	2017-02-05	33	58	29	2017-02-05 02:59:58.412474	2017-02-06 01:57:58.414144	5
292	11	4	2017-02-06	40	12	56	2017-02-07 13:47:29.425446	2017-02-07 13:47:29.425446	1
293	11	7	2017-02-06	40	28	17	2017-02-07 13:47:54.780363	2017-02-07 13:47:54.780363	1
294	11	8	2017-02-06	40	33	42	2017-02-07 13:48:24.179969	2017-02-07 13:48:24.179969	1
295	11	13	2017-02-06	40	2	9	2017-02-07 13:48:56.936364	2017-02-07 13:48:56.936364	1
296	11	10	2017-02-07	37	80	35	2017-02-07 13:51:38.671448	2017-02-07 13:51:38.671448	1
298	11	2	2017-02-07	38	34	38	2017-02-07 13:52:39.349518	2017-02-07 13:52:39.349518	1
299	11	15	2017-02-07	38	32	7	2017-02-07 13:53:08.356785	2017-02-07 13:53:08.356785	1
300	11	5	2017-02-07	39	24	54	2017-02-07 13:53:36.828852	2017-02-07 13:53:36.828852	1
301	11	11	2017-02-07	39	3	6	2017-02-07 13:54:05.961167	2017-02-07 13:54:05.961167	1
302	11	9	2017-02-07	40	29	62	2017-02-07 13:54:24.571231	2017-02-07 13:54:24.571231	1
303	11	12	2017-02-07	40	5	30	2017-02-07 13:54:39.611246	2017-02-07 13:54:39.611246	1
297	11	14	2017-02-07	37	21	26	2017-02-07 13:52:05.580286	2017-02-07 15:09:31.696365	1
304	11	6	2017-02-08	37	27	1	2017-02-08 14:51:32.679361	2017-02-08 14:51:32.679361	1
305	11	16	2017-02-08	37	10	50	2017-02-08 14:51:53.836247	2017-02-08 14:51:53.836247	1
309	11	24	2017-02-08	39	32	10	2017-02-08 14:53:46.154444	2017-02-08 14:53:46.154444	2
310	11	22	2017-02-08	40	5	3	2017-02-08 14:54:10.743833	2017-02-09 13:17:58.635422	2
311	11	23	2017-02-08	40	21	2	2017-02-08 14:54:33.291438	2017-02-09 13:18:30.456246	2
308	11	21	2017-02-08	39	80	29	2017-02-08 14:53:15.40422	2017-02-09 13:18:51.965983	2
306	11	1	2017-02-08	38	11	23	2017-02-08 14:52:22.692116	2017-02-09 13:19:16.419561	1
307	11	3	2017-02-08	38	18	58	2017-02-08 14:52:48.261019	2017-02-09 13:19:46.015215	1
313	11	20	2017-02-09	37	28	33	2017-02-09 13:22:57.749949	2017-02-09 13:22:57.749949	2
312	11	19	2017-02-09	37	27	24	2017-02-09 13:22:39.459237	2017-02-09 14:48:42.171113	2
315	11	18	2017-02-09	38	12	18	2017-02-09 13:23:54.939948	2017-02-09 17:34:37.684197	2
314	11	17	2017-02-09	38	34	11	2017-02-09 13:23:20.385774	2017-02-09 17:35:29.19349	2
316	11	25	2017-02-09	40	12	34	2017-02-10 13:19:16.34266	2017-02-10 13:19:16.34266	3
317	11	26	2017-02-09	40	28	27	2017-02-10 13:19:34.076265	2017-02-10 13:19:34.076265	3
319	11	28	2017-02-10	37	21	32	2017-02-10 13:20:28.593037	2017-02-10 13:20:28.593037	3
318	11	27	2017-02-10	37	5	80	2017-02-10 13:20:07.178901	2017-02-10 17:47:40.404573	3
320	12	93	2017-03-04	41	9	56	2017-03-04 12:56:44.528462	2017-03-04 12:56:44.528462	7
321	12	107	2017-03-04	41	94	104	2017-03-04 12:59:01.649739	2017-03-04 12:59:01.649739	7
322	12	140	2017-03-04	41	18	9	2017-03-04 13:00:29.032073	2017-03-04 13:00:29.032073	8
323	12	141	2017-03-04	41	6	10	2017-03-04 13:00:55.820983	2017-03-04 13:00:55.820983	8
324	12	146	2017-03-04	41	85	42	2017-03-04 13:01:33.519334	2017-03-04 13:03:46.005444	8
325	12	149	2017-03-04	41	21	7	2017-03-04 13:04:42.071388	2017-03-04 13:04:42.071388	8
326	12	164	2017-03-04	41	18	6	2017-03-04 13:08:18.920972	2017-03-04 13:08:18.920972	9
327	12	166	2017-03-04	41	33	13	2017-03-04 13:10:09.55362	2017-03-04 13:10:09.55362	9
328	12	168	2017-03-04	41	21	47	2017-03-04 13:10:34.16939	2017-03-04 13:10:34.16939	9
329	12	171	2017-03-04	41	30	34	2017-03-04 13:12:33.407315	2017-03-04 13:12:33.407315	9
330	12	161	2017-03-04	41	1	23	2017-03-05 02:29:00.404272	2017-03-05 02:29:00.404272	9
333	12	179	2017-03-05	50	27	30	2017-03-05 02:32:54.429651	2017-03-05 02:32:54.429651	10
334	12	174	2017-03-05	50	51	1	2017-03-05 02:46:30.792935	2017-03-05 02:46:30.792935	10
337	12	177	2017-03-05	50	33	113	2017-03-05 02:47:38.822684	2017-03-05 02:47:38.822684	10
338	12	178	2017-03-05	50	21	75	2017-03-05 02:47:58.633632	2017-03-05 02:47:58.633632	10
331	12	172	2017-03-05	50	32	28	2017-03-05 02:31:35.628647	2017-03-05 12:59:25.943552	10
332	12	173	2017-03-05	50	38	46	2017-03-05 02:31:57.688315	2017-03-05 13:00:03.21484	10
335	12	175	2017-03-05	50	112	99	2017-03-05 02:46:52.688335	2017-03-05 13:00:26.969086	10
336	12	176	2017-03-05	50	81	18	2017-03-05 02:47:17.601197	2017-03-05 13:00:45.354242	10
339	12	180	2017-03-05	45	32	38	2017-03-05 13:04:29.882999	2017-03-05 13:04:29.882999	3
342	12	183	2017-03-05	45	21	27	2017-03-05 13:05:31.094651	2017-03-05 13:05:31.094651	3
340	12	181	2017-03-05	45	112	51	2017-03-05 13:04:56.536668	2017-03-05 15:28:08.889163	3
341	12	182	2017-03-05	45	33	81	2017-03-05 13:05:14.261418	2017-03-05 15:28:44.88627	3
343	12	184	2017-03-05	45	32	112	2017-03-05 15:30:33.176701	2017-03-05 15:30:33.176701	4
344	12	185	2017-03-05	45	33	21	2017-03-05 15:31:01.7207	2017-03-05 15:31:01.7207	4
346	12	145	2017-03-03	41	33	105	2017-03-05 19:53:40.279555	2017-03-05 19:53:40.279555	8
345	12	186	2017-03-05	49	32	33	2017-03-05 17:01:56.530236	2017-03-05 20:29:12.9805	5
347	13	4	2017-03-06	52	58	26	2017-03-07 14:49:57.385299	2017-03-07 14:49:57.385299	1
348	13	7	2017-03-06	52	24	12	2017-03-07 14:50:16.3269	2017-03-07 14:50:16.3269	1
349	13	1	2017-03-07	51	23	21	2017-03-07 14:50:41.812521	2017-03-07 14:50:41.812521	1
350	13	2	2017-03-07	51	5	3	2017-03-07 14:51:05.048256	2017-03-07 14:51:05.048256	1
351	13	5	2017-03-07	52	27	28	2017-03-07 15:41:42.772116	2017-03-08 15:07:49.595367	1
352	13	8	2017-03-07	52	33	80	2017-03-07 15:42:04.815082	2017-03-08 15:11:33.953888	1
354	13	6	2017-03-08	51	29	32	2017-03-08 15:12:29.921619	2017-03-08 15:12:29.921619	1
353	13	3	2017-03-08	51	10	9	2017-03-08 15:09:51.271423	2017-03-08 16:15:36.259751	1
355	13	12	2017-03-08	52	33	24	2017-03-08 15:13:09.083349	2017-03-09 15:47:49.59322	3
357	13	11	2017-03-09	51	29	27	2017-03-09 15:49:23.652293	2017-03-09 15:49:23.652293	3
358	13	10	2017-03-10	51	10	58	2017-03-09 15:50:13.226962	2017-03-09 15:52:36.202116	3
356	13	9	2017-03-09	52	5	23	2017-03-08 15:15:23.299775	2017-03-10 13:16:18.802893	3
359	13	14	2017-03-10	52	33	29	2017-03-10 13:17:13.245108	2017-03-10 13:17:13.245108	4
360	13	13	2017-03-11	51	5	10	2017-03-12 15:32:53.016438	2017-03-12 15:32:53.016438	4
361	13	15	2017-03-12	51	33	5	2017-03-12 15:33:32.692349	2017-03-15 01:24:54.656387	5
363	14	31	2017-03-27	55	62	13	2017-03-27 12:59:43.216429	2017-03-27 12:59:43.216429	1
365	14	18	2017-03-27	54	82	45	2017-03-27 13:02:26.844779	2017-03-27 13:02:26.844779	1
364	14	15	2017-03-27	54	36	19	2017-03-27 13:01:06.859917	2017-03-27 13:12:40.955374	1
362	14	26	2017-03-27	55	94	31	2017-03-27 12:59:08.857854	2017-03-27 14:45:47.391021	1
367	14	45	2017-03-29	55	32	82	2017-03-30 08:29:45.891612	2017-03-30 08:29:45.891612	2
368	14	46	2017-03-29	55	2	29	2017-03-30 08:30:52.838555	2017-03-30 08:30:52.838555	2
369	14	47	2017-03-29	55	38	7	2017-03-30 08:31:47.31774	2017-03-30 08:31:47.31774	2
370	14	48	2017-03-29	55	9	46	2017-03-30 08:32:35.921926	2017-03-30 08:32:35.921926	2
371	14	49	2017-03-29	55	26	94	2017-03-30 08:33:21.167794	2017-03-30 08:33:21.167794	2
372	14	52	2017-03-29	55	10	62	2017-03-30 08:34:45.216819	2017-03-30 08:34:45.216819	2
373	14	59	2017-03-30	54	32	2	2017-03-30 08:36:37.76126	2017-03-30 08:36:37.76126	7
375	14	60	2017-03-30	54	38	9	2017-03-30 08:45:43.61577	2017-03-30 08:45:43.61577	7
374	14	61	2017-03-30	55	17	26	2017-03-30 08:42:14.818343	2017-03-31 06:31:24.988126	7
378	14	67	2017-03-31	55	17	10	2017-03-31 06:36:41.841479	2017-03-31 06:36:41.841479	3
376	14	65	2017-03-31	54	79	33	2017-03-31 06:35:36.70887	2017-03-31 14:37:54.974866	3
377	14	66	2017-03-31	54	38	32	2017-03-31 06:36:06.581703	2017-03-31 14:38:16.610224	3
379	14	68	2017-03-31	55	23	35	2017-03-31 06:37:19.738126	2017-03-31 14:38:38.652728	3
381	14	70	2017-04-01	55	23	17	2017-03-31 14:40:51.388146	2017-03-31 14:40:51.388146	4
380	14	69	2017-04-01	54	38	79	2017-03-31 14:40:14.261171	2017-03-31 14:41:12.15637	4
382	14	71	2017-04-02	54	23	38	2017-04-02 03:14:05.257589	2017-04-02 03:14:05.257589	5
383	15	1	2017-04-15	56	23	48	2017-04-15 13:36:05.432313	2017-04-15 13:36:05.432313	1
384	15	6	2017-04-15	57	24	82	2017-04-15 13:36:29.732642	2017-04-15 13:36:29.732642	1
385	15	10	2017-04-15	57	17	49	2017-04-15 13:36:47.714159	2017-04-15 13:36:47.714159	1
386	15	15	2017-04-15	58	35	3	2017-04-15 13:37:11.396844	2017-04-16 13:37:16.694476	1
387	15	5	2017-04-16	56	32	54	2017-04-16 13:38:29.161057	2017-04-16 13:38:29.161057	1
388	15	9	2017-04-16	57	26	85	2017-04-16 13:39:13.038138	2017-04-16 13:39:13.038138	1
389	15	4	2017-04-16	58	5	47	2017-04-16 13:39:44.202584	2017-04-16 13:39:44.202584	1
390	15	11	2017-04-16	58	18	86	2017-04-16 13:40:05.754778	2017-04-16 13:40:05.754778	1
391	15	8	2017-04-17	56	10	62	2017-04-17 07:46:57.678426	2017-04-17 07:46:57.678426	1
392	15	12	2017-04-17	57	9	11	2017-04-17 07:48:28.069096	2017-04-17 07:48:28.069096	1
393	15	7	2017-04-18	56	12	25	2017-04-18 03:53:39.340251	2017-04-18 03:53:39.340251	1
397	15	3	2017-04-19	57	27	94	2017-04-19 04:11:28.270467	2017-04-19 04:11:28.270467	1
398	15	13	2017-04-19	58	28	42	2017-04-19 04:12:13.067029	2017-04-19 04:12:13.067029	1
396	15	2	2017-04-19	56	70	21	2017-04-19 04:11:03.346222	2017-04-20 03:57:15.88055	1
394	15	16	2017-04-18	57	90	33	2017-04-18 03:54:17.068477	2017-04-20 03:58:18.032056	1
395	15	14	2017-04-18	58	45	29	2017-04-18 03:54:45.882507	2017-04-20 03:58:52.433644	1
401	15	20	2017-04-21	56	10	12	2017-04-21 15:06:57.791823	2017-04-21 15:06:57.791823	2
400	15	19	2017-04-20	58	24	32	2017-04-20 04:01:41.179971	2017-04-22 13:00:09.941021	2
399	15	21	2017-04-20	59	17	26	2017-04-20 04:01:13.354325	2017-04-22 13:01:17.88776	2
403	15	24	2017-04-22	57	35	90	2017-04-22 13:02:52.653497	2017-04-22 13:02:52.653497	2
404	15	17	2017-04-22	58	23	70	2017-04-22 13:03:19.956383	2017-04-22 13:03:19.956383	2
402	15	22	2017-04-21	57	9	18	2017-04-21 15:07:37.708598	2017-04-23 03:10:29.761642	2
406	15	23	2017-04-23	56	28	45	2017-04-23 03:12:30.497819	2017-04-23 03:12:30.497819	2
405	15	18	2017-04-23	56	5	27	2017-04-23 03:12:02.489433	2017-04-25 06:06:51.192358	2
409	15	25	2017-04-25	57	23	5	2017-04-25 06:09:35.457687	2017-04-25 06:09:35.457687	3
410	15	28	2017-04-25	57	28	35	2017-04-25 06:09:59.501339	2017-04-25 06:09:59.501339	3
407	15	26	2017-04-25	56	10	24	2017-04-25 06:08:45.369432	2017-04-27 03:27:19.94395	3
408	15	27	2017-04-25	56	9	17	2017-04-25 06:09:01.853707	2017-04-27 03:27:37.810277	3
411	15	29	2017-04-27	59	23	10	2017-04-27 03:30:09.125089	2017-04-27 03:30:09.125089	4
412	15	30	2017-04-27	58	9	28	2017-04-27 03:30:34.117917	2017-04-27 03:30:34.117917	4
413	15	31	2017-04-30	57	23	9	2017-04-30 03:34:48.359819	2017-04-30 03:34:48.359819	5
414	16	2	2017-09-18	60	114	2	2017-09-18 02:07:16.549982	2017-09-18 09:58:38.854272	6
415	16	1	2017-09-18	60	23	93	2017-09-18 09:59:31.878925	2017-09-18 09:59:31.878925	6
416	16	3	2017-09-18	61	12	60	2017-09-18 10:00:57.060095	2017-09-18 10:00:57.060095	6
417	16	4	2017-09-18	62	10	115	2017-09-18 12:13:20.89053	2017-09-18 12:13:20.89053	6
418	16	32	2017-09-18	62	27	94	2017-09-18 12:15:44.041321	2017-09-18 12:15:44.041321	1
419	16	16	2017-09-19	61	5	116	2017-09-19 09:53:41.962253	2017-09-19 09:53:41.962253	1
420	16	39	2017-09-19	61	9	117	2017-09-19 09:54:08.411635	2017-09-19 09:54:08.411635	1
422	16	23	2017-09-19	62	10	104	2017-09-19 09:59:01.974712	2017-09-19 09:59:01.974712	1
423	16	30	2017-09-19	62	84	16	2017-09-19 13:35:44.89619	2017-09-19 13:35:44.89619	6
421	16	8	2017-09-19	62	118	23	2017-09-19 09:58:36.698618	2017-09-19 14:56:49.518178	1
424	16	42	2017-09-20	61	119	26	2017-09-20 15:02:02.578623	2017-09-20 15:02:02.578623	1
425	16	55	2017-09-20	61	9	13	2017-09-20 15:02:40.16474	2017-09-20 15:02:40.16474	1
426	16	51	2017-09-20	62	84	59	2017-09-20 15:05:15.910065	2017-09-20 15:05:15.910065	1
431	16	61	2017-09-21	61	17	84	2017-09-20 15:41:26.059818	2017-09-20 15:41:26.059818	2
427	16	60	2017-09-21	61	38	86	2017-09-20 15:39:21.015024	2017-09-21 13:20:33.404052	2
428	16	62	2017-09-21	61	18	27	2017-09-20 15:39:58.152599	2017-09-21 13:21:28.269627	2
433	16	67	2017-09-22	61	18	6	2017-09-21 13:24:39.519277	2017-09-21 13:24:39.519277	3
430	16	59	2017-09-21	62	10	34	2017-09-20 15:40:48.873374	2017-09-21 13:37:08.933862	2
429	16	57	2017-09-21	62	47	119	2017-09-20 15:40:28.052684	2017-09-21 15:15:35.734921	2
432	16	66	2017-09-22	61	17	38	2017-09-21 13:24:18.792719	2017-09-23 07:13:23.499186	3
434	16	64	2017-09-22	62	47	3	2017-09-23 07:17:23.845852	2017-09-23 07:17:23.845852	3
435	16	65	2017-09-22	62	10	78	2017-09-23 07:19:41.358638	2017-09-23 07:19:41.358638	3
436	16	69	2017-09-23	61	17	18	2017-09-23 07:20:48.90067	2017-09-23 07:20:48.90067	4
437	16	68	2017-09-23	62	10	47	2017-09-23 07:21:13.193526	2017-09-24 12:59:20.636397	4
438	16	70	2017-09-24	61	10	17	2017-09-24 13:00:11.761301	2017-09-24 13:00:11.761301	5
439	17	65	2017-11-02	63	23	67	2017-11-02 03:32:49.063579	2017-11-02 03:32:49.063579	3
442	17	68	2017-11-02	64	54	9	2017-11-02 03:33:41.245868	2017-11-02 03:33:41.245868	3
440	17	66	2017-11-02	63	11	29	2017-11-02 03:33:10.710734	2017-11-02 15:34:37.019824	3
441	17	67	2017-11-02	64	18	33	2017-11-02 03:33:27.584426	2017-11-02 15:34:59.126167	3
443	17	69	2017-11-03	63	23	11	2017-11-04 12:54:55.726118	2017-11-04 12:54:55.726118	4
444	17	70	2017-11-04	63	18	54	2017-11-04 12:55:17.281413	2017-11-04 12:55:17.281413	4
445	17	71	2017-11-05	63	23	18	2017-11-04 12:56:16.089159	2017-11-05 14:31:52.170687	5
446	18	121	2019-12-13	65	18	15	2019-12-13 09:36:35.597315	2019-12-13 09:36:35.597315	3
448	18	122	2019-12-13	67	81	84	2019-12-13 09:37:31.767036	2019-12-13 09:37:31.767036	3
449	18	124	2019-12-13	67	6	33	2019-12-13 09:37:49.185958	2019-12-13 09:37:49.185958	3
447	18	123	2019-12-13	66	23	24	2019-12-13 09:37:09.903177	2019-12-13 17:45:33.400989	3
450	18	125	2019-12-14	68	23	6	2019-12-14 15:21:56.598021	2019-12-14 15:21:56.598021	4
451	18	126	2019-12-14	67	81	18	2019-12-16 14:51:21.575618	2019-12-16 14:51:21.575618	4
452	18	127	2020-12-15	65	23	81	2019-12-16 14:52:47.372642	2019-12-16 14:52:47.372642	5
453	19	15	2021-01-17	69	9	54	2021-01-17 09:34:16.994832	2021-01-17 09:34:16.994832	5
\.


--
-- Data for Name: players; Type: TABLE DATA; Schema: public; Owner: postgres
--

COPY public.players (id, first_name, last_name, country, image, created_at, updated_at) FROM stdin;
4	Chen	Zifan	China	Chen_Zifan.png	2016-09-19 07:42:25.420374	2016-09-19 07:42:25.420374
5	Marco	Fu	Hong Kong	Marco_Fu.png	2016-09-19 07:43:50.020816	2016-09-19 07:43:50.020816
8	Xu	Si	China	Xu_Si.png	2016-09-19 07:52:48.610044	2016-09-19 07:52:48.610044
10	Ding	Junhui	China	Ding_Junhui.png	2016-09-19 12:32:53.753226	2016-09-19 12:32:53.753226
12	Liang	Wenbo	China	Liang_Wenbo.png	2016-09-19 12:34:55.187777	2016-09-19 12:34:55.187777
14	Yuan	Sijun	China	Yuan_SiJun.png	2016-09-19 12:37:03.649107	2016-09-19 12:37:03.649107
20	Guan	Zhen	China	Guan_Zhen.png	2016-09-20 06:59:26.287379	2016-09-20 06:59:26.287379
22	Ma	Bing	China	Ma_Bing.png	2016-09-20 07:00:50.54006	2016-09-20 07:00:50.54006
27	Neil	Robertson	Australia	Neil_Robertson.png	2016-09-21 06:40:15.935484	2016-09-21 06:40:15.935484
32	Shaun	Murphy	England	Shaun_Murphy.png	2016-09-21 11:49:37.883436	2016-09-21 11:49:37.883436
33	Judd	Trump	England	Judd_Trump.png	2016-09-21 11:51:13.031598	2016-09-21 11:51:13.031598
34	Joe	Perry	England	Joe_Perry.png	2016-09-21 11:52:18.738915	2016-09-21 11:52:18.738915
35	Stephen	Maguire	Scotland	Stephen_Maguire.png	2016-09-21 11:53:28.331058	2016-09-21 11:53:28.331058
36	Ben	Woollaston	England	Ben_Woollaston.png	2016-09-21 11:54:23.144621	2016-09-21 11:54:23.144621
37	Mei	Xi Wen	China	Mei_Xi_Wen.png	2016-09-21 11:55:06.139832	2016-09-21 11:55:06.139832
18	Mark	Allen	Northern Ireland	Mark_Allen.png	2016-09-20 06:57:57.247423	2016-09-21 12:13:36.320739
26	Stuart	Bingham	England	Stuart_Bingham.png	2016-09-21 06:39:12.788778	2016-09-21 12:14:10.772896
25	Stuart	Carrington	England	Stuart_Carrington.png	2016-09-20 13:51:16.982623	2016-09-21 12:14:40.70545
29	Allister	Carter	England	Allister_Carter.png	2016-09-21 06:44:29.800427	2016-09-21 12:15:12.747692
28	Barry	Hawkins	England	Barry_Hawkins.png	2016-09-21 06:43:57.297375	2016-09-21 12:15:43.338171
3	Anthony	McGill	Scotland	Anthony_McGill.png	2016-09-19 07:41:28.503502	2016-09-21 12:16:07.968054
6	David	Gilbert	England	David_Gilbert.png	2016-09-19 07:45:20.995132	2016-09-21 12:16:32.848475
30	Jamie	Jones	Wales	Jamie_Jones.png	2016-09-21 06:45:23.774411	2016-09-21 12:17:15.439294
9	John 	Higgins	Scotland	John_Higgins.png	2016-09-19 12:29:08.876213	2016-09-21 12:17:46.422453
19	Kurt	Maflin	Norway	Kurt_Maflin.png	2016-09-20 06:58:47.093497	2016-09-21 12:18:25.676749
17	Kyren	Wilson	England	Kyren_Wilson.png	2016-09-20 06:56:57.654186	2016-09-21 12:18:53.527009
23	Mark	Selby	England	Mark_Selby.png	2016-09-20 13:49:04.126469	2016-09-21 12:19:15.712664
38	Mark	Williams	Wales	Mark_Williams.png	2016-09-21 11:58:57.966772	2016-09-21 12:19:42.998224
11	Martin	Gould	England	Martin_Gould.png	2016-09-19 12:33:48.041809	2016-09-21 12:20:10.897735
13	Mathew	Selt	England	Matthew_Selt.png	2016-09-19 12:35:56.907049	2016-09-21 12:20:51.171273
7	Michael	Holt	England	Michael_Holt.png	2016-09-19 07:51:37.700651	2016-09-21 12:21:16.534188
2	Michael	White	Wales	Michael_White.png	2016-09-19 07:35:44.918076	2016-09-21 12:21:54.352292
1	Ricky	Walden	England	Ricky_Walden.png	2016-09-19 07:14:27.43614	2016-09-21 12:22:22.609008
31	Robert	Milkins	England	Robert_Milkins.png	2016-09-21 06:48:41.13718	2016-09-21 12:22:51.785061
24	Ronnie	O'Sullivan	England	Ronnie_O_Sullivan.png	2016-09-20 13:50:02.533373	2016-09-21 12:23:17.387015
21	Ryan	Day	Wales	Ryan_Day.png	2016-09-20 07:00:09.016587	2016-09-21 12:23:42.57943
15	Scott	Donaldson	Scotland	Scott_Donaldson.png	2016-09-19 12:54:58.899689	2016-09-21 12:24:11.550187
39	Yi	Chen Xu	China	Anonymous.png	2016-09-21 13:21:30.072746	2016-09-21 13:21:30.072746
40	Niu	Zhuang	China	Anonymous.png	2016-09-26 03:31:52.035449	2016-09-26 03:31:52.035449
41	Robin	Hull		Robin_Hull.png	2016-10-03 07:53:37.453048	2016-10-03 07:53:37.453048
43	Michael	Wild		Michael_Wild.png	2016-10-03 08:54:17.221756	2016-10-03 08:54:17.221756
44	Andrew	Higginson		Andrew_Higginson.png	2016-10-03 09:01:40.137546	2016-10-03 09:01:40.137546
45	Graeme	Dott	Scotland	Graeme_Dott.png	2016-10-03 09:04:45.940944	2016-10-03 09:04:45.940944
46	Mark	Davis	England	Mark_Davis.png	2016-10-03 09:06:52.091004	2016-10-03 09:06:52.091004
47	Luca	Brecel	Belgium	Luca_Brecel.png	2016-10-03 09:08:32.992652	2016-10-03 09:08:32.992652
48	Fergal	O'Brien	Ireland	Fergal_O_Brien.png	2016-10-03 09:09:52.171084	2016-10-03 09:09:52.171084
49	David	Grace	England	David_Grace.png	2016-10-03 09:11:16.118781	2016-10-03 09:11:16.118781
50	Yu	De Lu	China	Yu_De_Lu.png	2016-10-03 09:12:25.870686	2016-10-03 09:12:25.870686
51	Alfie	Burden	England	Alfie_Burden.png	2016-10-03 09:13:34.125505	2016-10-03 09:13:34.125505
52	Daniel	Wells	Wales	Daniel_Wells.png	2016-10-03 09:14:41.18726	2016-10-03 09:14:41.18726
53	Rhys	Clark	Scotland	Rhys_Clark.png	2016-10-03 09:15:41.523636	2016-10-03 09:15:41.523636
54	Yan	Bingtao	China	Yan_Bingtao.png	2016-10-03 09:16:49.982469	2016-10-03 09:16:49.982469
55	Zak	Surety	England	Zak_Surety.png	2016-10-03 09:18:11.33802	2016-10-03 09:18:11.33802
56	Dominic	Dale	England	Dominic_Dale.png	2016-10-03 12:20:29.17485	2016-10-03 12:20:29.17485
57	Daniel	Womersley		Anonymous.png	2016-10-03 12:23:41.990642	2016-10-03 12:23:41.990642
42	Tom	Ford	England	Tom_Ford.png	2016-10-03 07:55:59.157977	2016-10-05 11:27:09.633226
58	Anthony	Hamilton	England	Anthony_Hamilton.png	2016-10-14 07:27:15.780157	2016-10-14 07:27:15.780157
59	Chris	Wakelin		Chris_Wakelin.png	2016-10-14 07:28:50.12918	2016-10-14 07:28:50.12918
60	Akani 	Songsermsawad	Thailand	Akani_Songsermsawad.png	2016-10-23 02:08:16.074097	2016-10-23 02:08:16.074097
61	Mark 	Joyce		Mark_Joyce.png	2016-10-23 03:37:41.804809	2016-10-23 03:37:41.804809
62	Zhou 	Yuelong	China	Zhou_Yuelong.png	2016-10-23 03:45:27.876316	2016-10-23 03:45:27.876316
63	Sydney 	Wilson		Sydney_Wilson.png	2016-10-23 06:01:36.140147	2016-10-23 06:01:36.140147
64	Paul S	Davison		Paul_S_Davison.png	2016-10-23 06:09:20.496699	2016-10-23 06:09:20.496699
65	James 	Wattana	Thailand	James_Wattana.png	2016-10-23 06:21:35.314131	2016-10-23 06:21:35.314131
66	Mitchell 	Mann		Mitchell_Mann.png	2016-10-23 06:27:01.216941	2016-10-23 06:27:01.216941
67	Robbie 	Williams		Robbie_Williams.png	2016-10-23 06:34:14.262543	2016-10-23 06:34:14.262543
68	Oliver 	Lines		Oliver_Lines.png	2016-10-23 06:37:26.381439	2016-10-23 06:37:26.381439
69	Zhang 	Jiankang	China	Anonymous.png	2016-10-24 02:24:48.30098	2016-10-24 02:24:48.30098
70	Xiao 	Guodong	China	Xiao_Guodong.png	2016-10-24 02:30:51.408798	2016-10-24 02:30:51.408798
71	Eden 	Sharav		Eden_Sharav.png	2016-10-24 02:48:44.452147	2016-10-24 02:48:44.452147
72	Ken	Doherty		Ken_Doherty.png	2016-10-24 02:56:37.637552	2016-10-24 02:56:37.637552
73	Sam	Baird		Sam_Baird.png	2016-10-24 13:32:26.973039	2016-10-24 13:32:26.973039
74	Jak	Jones		Jak_Jones.png	2016-10-24 13:56:55.836201	2016-10-24 13:56:55.836201
80	Mark	King		Mark_King.png	2016-11-18 01:57:52.733924	2016-11-18 01:57:52.733924
81	Jack	Lisowski		Jack_Lisowski.png	2016-11-18 02:03:30.989345	2016-11-18 02:03:30.989345
82	Gary	Wilson		Gary_Wilson.png	2016-11-18 02:06:23.153842	2016-11-18 02:06:23.153842
84	Thepchaiya	Un-nooh	Thailand	Thepchaiya_Un-Nooh.png	2016-11-22 02:43:50.464408	2016-11-22 02:43:50.464408
85	Peter	Ebdon		Peter_Ebdon.png	2016-11-22 02:44:22.815773	2016-11-22 02:44:22.815773
86	Jimmy	Robertson		Jimmy_Robertson.png	2016-11-22 02:44:54.031481	2016-11-22 02:44:54.031481
87	Mike	Dunn		Mike_Dunn.png	2016-11-22 02:45:24.916172	2016-11-22 02:45:24.916172
88	Tian	Pengfei	China	Tian_Pengfei.png	2016-11-22 02:45:59.83961	2016-11-22 02:45:59.83961
89	Dechawat 	Poomjaeng	Thailand	Dechawat_Poomjaeng.png	2016-11-22 02:46:39.06214	2016-11-22 02:46:39.06214
90	Rory	McLeod		Rory_McLeod.png	2016-11-22 02:47:10.671308	2016-11-22 02:47:10.671308
91	Rod	Lawler		Rod_Lawler.png	2016-11-22 02:47:49.846339	2016-11-22 02:47:49.846339
92	Joe	Swail		Joe_Swail.png	2016-11-22 02:48:17.692388	2016-11-22 02:48:17.692388
78	Li	Hang	China	Li_Hang.png	2016-10-25 14:48:30.157276	2016-11-22 02:52:48.505143
94	Noppon 	Saengkham	Thailand	Noppon_Saengkham.png	2016-11-22 05:20:58.177023	2016-11-22 05:20:58.177023
77	Aditya	Mehta	India	Aditaya_Mehta.png	2016-10-25 14:11:37.160692	2016-11-22 05:23:32.223592
95	Boonyarit 	Keattikun	Thailand	Boonyarit_Keattikun.png	2016-11-22 05:25:26.001186	2016-11-22 05:25:26.001186
96	Liam	Highfield		Liam_Highfield.png	2016-11-24 01:42:20.778745	2016-11-24 01:42:20.778745
93	Kritsanut	Lertsattayathorn	Thailand	Krutsanut.png	2016-11-22 05:17:26.205992	2017-09-18 10:02:51.569
97	Peter	Lines		Peter_Lines.png	2016-11-29 01:43:08.328407	2016-11-29 01:43:08.328407
98	Michael	Georgiou		Michael_Georgiou.png	2016-11-29 01:50:47.672287	2016-11-29 01:50:47.672287
99	Igor	Figueiredo		Igor_Figueiredo.png	2016-11-29 01:57:17.686656	2016-11-29 01:57:17.686656
100	Ross	Muir		Ross_Muir.png	2016-11-29 02:01:01.598793	2016-11-29 02:01:01.598793
101	Josh	Boileau		Josh_Boileau.png	2016-11-29 02:09:12.66282	2016-11-29 02:09:12.66282
102	Alex	Borg		Alex_Borg.png	2016-11-29 02:16:11.956835	2016-11-29 02:16:11.956835
103	Andy	Hicks		Andy_Hicks.png	2016-11-29 02:19:58.635713	2016-11-29 02:19:58.635713
76	Matthew 	Stevens		Mathew_Stevens.png	2016-10-25 14:06:07.917286	2016-11-29 02:49:51.310406
104	Zhang	Anda	China	Zhang_Anda.png	2016-11-29 02:56:32.332521	2016-11-29 02:56:32.332521
105	Craig	Steadman		Craig_Steadman.png	2016-12-12 12:44:48.730886	2016-12-12 12:44:48.730886
83	Alan	McManus	Scotland	Alan_McManus.png	2016-11-22 02:42:59.664278	2016-12-12 13:05:13.986124
106	Zhao	Xintong	China	Zhao_Xintong.png	2016-12-13 16:24:23.357076	2016-12-13 16:24:23.357076
107	Thor Chuan	Leong	China	Thor_Chuan_Leong.png	2016-12-14 01:33:00.702672	2016-12-14 01:33:00.702672
108	Darryl	Hill	England	Darryl_Hill.png	2016-12-14 01:36:30.654541	2016-12-14 01:36:30.654541
109	Zhang	Yong		Zhang_Yong.png	2016-12-14 01:40:26.328503	2016-12-14 01:40:26.328503
110	Adam	Stefanow		Adam_Stefanow.png	2016-12-14 02:20:02.418561	2016-12-14 02:20:02.418561
111	Jimmy	White	England	Jimmy_White.png	2016-12-15 02:29:21.923506	2016-12-15 02:29:21.923506
112	Nigel	Bond		Nigel_Bond.png	2017-03-05 02:38:32.323457	2017-03-05 02:38:32.323457
113	Sanderson	Lam		Sanderson_Lam.png	2017-03-05 02:42:10.419212	2017-03-05 02:42:10.419212
79	Hossein 	Vafaei	Iran	Hossein_Vafaei_Ayouri.png	2016-11-18 01:48:10.958016	2017-03-31 06:34:20.652792
114	Ma	Chunmao	China	Ma_Chunmao.png	2017-09-18 02:05:33.46293	2017-09-18 02:05:33.46293
115	Hammad	Miah	England	Hammad_Miah.png	2017-09-18 12:11:47.97042	2017-09-18 12:11:47.97042
118	Lee	Walker	England	Lee_Walker.png	2017-09-19 09:57:24.669911	2017-09-19 13:23:13.678739
117	Alexander	Ursenbacher	Switzerland	blank_player_image.png	2017-09-19 09:51:58.477007	2017-09-19 13:27:51.681037
16	Hu	Hao	China	blank_player_image.png	2016-09-19 15:38:34.836767	2017-09-19 13:29:20.141911
116	Ian	Burns	England	blank_player_image.png	2017-09-19 09:51:03.548784	2017-09-19 13:30:47.507994
75	John J	Astley		blank_player_image.png	2016-10-25 06:22:31.717035	2017-09-19 13:32:17.409684
119	Cao	Yupeng	China	Anonymous.png	2017-09-20 15:00:26.321672	2017-09-21 15:16:34.819807
\.


--
-- Data for Name: results; Type: TABLE DATA; Schema: public; Owner: postgres
--

COPY public.results (id, match_id, player1_frames, player2_frames, winner_id, created_at, updated_at) FROM stdin;
1	6	5	1	7	2016-09-19 13:46:21.978868	2016-09-19 13:46:21.978868
2	1	4	5	2	2016-09-19 16:42:11.407465	2016-09-19 16:42:11.407465
3	7	5	0	3	2016-09-19 16:50:35.18065	2016-09-19 16:50:35.18065
4	2	5	4	10	2016-09-19 16:54:09.323493	2016-09-19 16:54:09.323493
5	4	0	5	14	2016-09-19 16:54:58.344845	2016-09-19 16:54:58.344845
6	3	5	3	9	2016-09-19 16:56:10.829435	2016-09-19 16:56:10.829435
7	5	4	5	6	2016-09-19 16:58:26.001682	2016-09-19 16:58:26.001682
8	8	5	3	12	2016-09-19 17:01:02.661814	2016-09-19 17:01:02.661814
9	12	5	1	21	2016-09-20 08:34:28.036074	2016-09-20 08:34:28.036074
10	11	5	1	19	2016-09-20 08:40:18.698658	2016-09-20 08:40:18.698658
11	10	5	0	18	2016-09-20 09:28:55.523495	2016-09-20 09:28:55.523495
12	9	2	5	7	2016-09-20 09:51:57.878248	2016-09-20 09:51:57.878248
13	13	5	1	23	2016-09-20 13:55:38.946531	2016-09-20 13:55:38.946531
14	14	5	4	24	2016-09-20 14:26:08.358675	2016-09-20 14:26:08.358675
15	15	5	0	26	2016-09-21 08:17:10.883341	2016-09-21 08:17:10.883341
16	18	5	0	28	2016-09-21 08:30:42.005656	2016-09-21 08:30:42.005656
17	16	2	5	21	2016-09-21 09:50:09.616968	2016-09-21 09:50:09.616968
18	17	5	1	29	2016-09-21 09:50:41.751681	2016-09-21 09:50:41.751681
19	19	5	0	33	2016-09-21 13:16:40.328464	2016-09-21 13:16:40.328464
20	20	0	5	35	2016-09-21 13:16:56.639556	2016-09-21 13:16:56.639556
21	23	5	0	35	2016-09-21 13:22:59.022645	2016-09-21 13:22:59.022645
22	21	3	5	37	2016-09-21 14:24:06.063169	2016-09-21 14:24:06.063169
23	22	4	5	25	2016-09-22 05:18:15.744254	2016-09-22 05:18:15.744254
24	26	5	2	21	2016-09-22 09:32:23.266714	2016-09-22 09:32:23.266714
25	25	5	2	26	2016-09-22 09:33:12.176932	2016-09-22 09:33:12.176932
26	27	3	5	23	2016-09-22 09:58:44.562607	2016-09-22 09:58:44.562607
27	24	3	5	35	2016-09-22 09:59:13.782156	2016-09-22 09:59:13.782156
28	29	5	2	29	2016-09-22 13:52:57.138306	2016-09-22 13:52:57.138306
29	28	5	2	10	2016-09-22 13:53:19.289674	2016-09-22 13:53:19.289674
30	31	3	5	2	2016-09-22 14:08:37.379429	2016-09-22 14:08:37.379429
31	30	5	2	7	2016-09-22 14:10:06.744667	2016-09-22 14:10:06.744667
32	32	5	1	26	2016-09-23 09:03:53.307487	2016-09-23 09:03:53.307487
33	33	3	5	23	2016-09-23 12:15:46.067162	2016-09-23 12:15:46.067162
34	35	1	5	35	2016-09-23 13:45:07.773602	2016-09-23 13:45:07.773602
35	34	3	5	10	2016-09-23 14:07:54.696021	2016-09-23 14:07:54.696021
36	36	5	6	23	2016-09-24 12:24:21.352015	2016-09-24 12:24:21.352015
38	37	6	3	10	2016-09-25 15:04:54.544346	2016-09-25 15:04:54.544346
39	38	10	6	10	2016-09-25 15:11:20.026485	2016-09-25 15:11:20.026485
40	39	5	1	25	2016-09-26 03:35:03.474253	2016-09-26 03:35:03.474253
41	41	1	4	42	2016-10-03 08:47:31.391042	2016-10-03 08:47:31.391042
42	40	4	3	3	2016-10-03 09:40:10.727864	2016-10-03 09:40:10.727864
43	42	4	0	9	2016-10-03 11:44:44.808835	2016-10-03 11:44:44.808835
44	43	4	2	27	2016-10-03 13:20:09.861258	2016-10-03 13:20:09.861258
45	44	4	3	28	2016-10-03 13:20:29.862376	2016-10-03 13:20:29.862376
46	45	4	0	44	2016-10-03 14:36:53.551495	2016-10-03 14:36:53.551495
47	46	4	0	23	2016-10-03 17:13:09.902247	2016-10-03 17:13:09.902247
48	47	1	4	53	2016-10-04 01:31:59.023254	2016-10-04 01:31:59.023254
49	49	2	4	1	2016-10-04 01:32:31.323712	2016-10-04 01:32:31.323712
50	48	0	4	24	2016-10-04 01:32:52.839716	2016-10-04 01:32:52.839716
51	50	1	4	12	2016-10-04 09:50:16.79738	2016-10-04 09:50:16.79738
52	51	4	1	51	2016-10-04 13:01:52.768793	2016-10-04 13:01:52.768793
53	52	3	4	33	2016-10-04 13:02:54.400291	2016-10-04 13:02:54.400291
54	54	0	4	18	2016-10-04 13:03:57.655063	2016-10-04 13:03:57.655063
55	53	4	2	23	2016-10-04 16:19:16.212163	2016-10-04 16:19:16.212163
56	55	1	4	46	2016-10-04 17:54:46.747251	2016-10-04 17:54:46.747251
57	56	3	4	15	2016-10-05 03:15:03.479976	2016-10-05 03:15:03.479976
58	57	1	4	24	2016-10-05 03:15:43.921147	2016-10-05 03:15:43.921147
59	58	4	3	9	2016-10-05 12:36:23.570194	2016-10-05 12:36:23.570194
60	59	4	3	51	2016-10-05 16:14:10.510825	2016-10-05 16:14:10.510825
61	60	4	2	24	2016-10-05 17:30:19.995255	2016-10-05 17:30:19.995255
62	61	4	1	27	2016-10-06 12:53:31.669805	2016-10-06 12:53:31.669805
63	62	4	3	46	2016-10-06 12:59:14.242343	2016-10-06 12:59:14.242343
64	63	4	3	3	2016-10-06 15:39:17.205663	2016-10-06 15:39:17.205663
65	64	0	4	33	2016-10-07 17:28:58.744879	2016-10-07 17:28:58.744879
66	65	4	0	23	2016-10-07 17:29:27.68975	2016-10-07 17:29:27.68975
67	66	0	4	33	2016-10-07 17:32:57.393773	2016-10-07 17:32:57.393773
68	67	4	0	23	2016-10-07 17:33:23.35775	2016-10-07 17:33:23.35775
69	68	1	4	24	2016-10-07 17:33:48.999102	2016-10-07 17:33:48.999102
70	69	4	2	27	2016-10-08 02:29:16.814855	2016-10-08 02:29:16.814855
71	78	6	3	62	2016-10-23 04:48:49.438437	2016-10-23 04:48:49.438437
73	76	6	4	5	2016-10-23 05:07:30.183637	2016-10-23 05:07:30.183637
74	77	6	3	61	2016-10-23 05:13:24.53733	2016-10-23 05:13:24.53733
75	79	6	4	32	2016-10-23 05:59:22.296417	2016-10-23 05:59:22.296417
76	80	6	0	9	2016-10-23 08:27:05.314516	2016-10-23 08:27:05.314516
77	81	6	4	23	2016-10-23 12:11:40.339774	2016-10-23 12:11:40.339774
78	82	6	3	65	2016-10-23 12:12:40.566739	2016-10-23 12:12:40.566739
79	86	6	0	27	2016-10-23 13:15:38.143018	2016-10-23 13:15:38.143018
80	85	6	3	29	2016-10-23 14:34:54.926492	2016-10-23 14:34:54.926492
81	83	6	5	10	2016-10-23 15:29:30.914486	2016-10-23 15:29:30.914486
82	84	6	5	12	2016-10-23 16:27:16.308887	2016-10-23 16:27:16.308887
83	87	6	3	33	2016-10-24 09:28:26.492314	2016-10-24 09:28:26.492314
84	89	6	1	26	2016-10-24 09:30:22.515082	2016-10-24 09:30:22.515082
85	96	6	5	34	2016-10-24 12:15:37.776773	2016-10-24 12:15:37.776773
86	94	6	3	9	2016-10-24 12:16:31.112657	2016-10-24 12:16:31.112657
87	88	6	5	8	2016-10-24 12:20:05.402284	2016-10-24 12:20:05.402284
88	90	6	1	10	2016-10-24 14:02:22.098228	2016-10-24 14:02:22.098228
89	91	6	4	24	2016-10-24 14:26:02.105691	2016-10-24 14:26:02.105691
90	93	6	2	23	2016-10-24 14:28:21.672404	2016-10-24 14:28:21.672404
91	95	6	3	1	2016-10-24 14:35:38.526542	2016-10-24 14:35:38.526542
92	92	6	5	12	2016-10-24 15:12:51.371175	2016-10-24 15:12:51.371175
94	104	6	2	23	2016-10-25 09:17:40.091034	2016-10-25 09:17:40.091034
95	97	6	4	65	2016-10-25 12:27:18.923639	2016-10-25 12:27:18.923639
96	103	6	5	32	2016-10-25 12:27:42.021481	2016-10-25 12:27:42.021481
97	98	6	4	73	2016-10-25 12:28:29.123945	2016-10-25 12:28:29.123945
98	99	6	2	26	2016-10-25 12:28:53.900662	2016-10-25 12:28:53.900662
99	102	6	4	1	2016-10-25 12:29:56.321685	2016-10-25 12:29:56.321685
100	105	6	2	10	2016-10-25 14:08:48.162233	2016-10-25 14:08:48.162233
101	101	6	2	9	2016-10-25 14:20:20.613396	2016-10-25 14:20:20.613396
102	106	6	4	24	2016-10-25 14:45:14.631931	2016-10-25 14:45:14.631931
103	107	6	1	12	2016-10-25 14:49:51.910024	2016-10-25 14:49:51.910024
104	110	6	1	33	2016-10-25 14:56:33.686211	2016-10-25 14:56:33.686211
105	100	6	4	27	2016-10-25 14:57:45.683721	2016-10-25 14:57:45.683721
106	109	6	3	34	2016-10-25 15:17:56.34587	2016-10-25 15:17:56.34587
107	108	6	5	29	2016-10-25 15:35:36.058956	2016-10-25 15:35:36.058956
108	113	6	1	26	2016-10-26 08:51:59.131907	2016-10-26 08:51:59.131907
109	111	6	2	9	2016-10-26 09:52:32.465073	2016-10-26 09:52:32.465073
110	112	6	1	32	2016-10-26 09:53:11.451499	2016-10-26 09:53:11.451499
111	114	6	5	23	2016-10-26 12:25:44.469527	2016-10-26 12:25:44.469527
112	118	6	3	33	2016-10-26 13:49:06.58876	2016-10-26 13:49:06.58876
113	117	6	2	34	2016-10-26 13:56:46.492004	2016-10-26 13:56:46.492004
114	115	6	4	7	2016-10-26 15:29:46.538809	2016-10-26 15:29:46.538809
115	116	6	5	10	2016-10-26 15:32:26.98655	2016-10-26 15:32:26.98655
116	119	6	2	10	2016-10-27 08:53:20.276072	2016-10-27 08:53:20.276072
117	120	6	5	33	2016-10-27 10:07:50.064258	2016-10-27 10:07:50.064258
118	121	6	3	23	2016-10-27 15:01:04.267603	2016-10-27 15:01:04.267603
119	122	6	5	26	2016-10-27 15:58:12.257929	2016-10-27 15:58:12.257929
120	123	9	4	10	2016-10-30 02:07:44.235074	2016-10-30 02:07:44.235074
121	124	9	3	23	2016-10-30 02:08:18.635047	2016-10-30 02:08:18.635047
122	125	10	1	23	2016-11-01 06:37:02.07716	2016-11-01 06:37:02.07716
123	126	6	2	23	2016-11-01 09:53:07.430969	2016-11-01 09:53:07.430969
124	127	6	4	18	2016-11-01 09:53:25.133776	2016-11-01 09:53:25.133776
125	129	6	3	5	2016-11-01 15:36:24.852562	2016-11-01 15:36:24.852562
126	128	6	4	29	2016-11-01 15:36:41.107751	2016-11-01 15:36:41.107751
127	132	6	4	9	2016-11-03 07:01:57.712262	2016-11-03 07:01:57.712262
128	130	6	4	32	2016-11-03 07:02:29.004546	2016-11-03 07:02:29.004546
129	133	6	5	7	2016-11-03 07:04:37.598239	2016-11-03 07:04:37.598239
130	131	6	2	26	2016-11-03 07:05:04.107103	2016-11-03 07:05:04.107103
131	134	6	5	18	2016-11-04 06:52:31.825637	2016-11-04 06:52:31.825637
132	135	6	2	9	2016-11-04 06:53:01.328772	2016-11-04 06:53:01.328772
133	136	6	2	32	2016-11-04 06:53:36.921814	2016-11-04 06:53:36.921814
134	137	6	5	26	2016-11-04 06:54:18.791488	2016-11-04 06:54:18.791488
135	138	9	3	9	2016-11-04 15:32:46.818908	2016-11-04 15:32:46.818908
136	139	9	8	26	2016-11-04 15:40:24.603805	2016-11-04 15:40:24.603805
137	140	10	7	9	2016-11-06 02:06:03.540669	2016-11-06 02:06:03.540669
138	141	4	2	79	2016-11-18 02:24:04.903899	2016-11-18 02:24:04.903899
139	142	4	2	80	2016-11-18 02:24:29.577915	2016-11-18 02:24:29.577915
140	143	4	3	17	2016-11-18 02:24:48.909912	2016-11-18 02:24:48.909912
141	144	4	1	38	2016-11-18 02:25:10.629915	2016-11-18 02:25:10.629915
142	145	4	2	2	2016-11-18 02:25:30.045879	2016-11-18 02:25:30.045879
143	146	4	0	28	2016-11-18 02:25:48.013894	2016-11-18 02:25:48.013894
144	147	4	3	18	2016-11-18 02:26:08.154006	2016-11-18 02:26:08.154006
145	148	4	3	58	2016-11-18 02:26:25.886926	2016-11-18 02:26:25.886926
146	151	5	2	28	2016-11-18 15:14:15.271276	2016-11-18 15:14:15.271276
147	150	5	4	17	2016-11-19 02:17:02.092075	2016-11-19 02:17:02.092075
148	149	5	3	80	2016-11-19 02:17:56.644882	2016-11-19 02:17:56.644882
149	152	5	2	58	2016-11-19 02:18:44.149685	2016-11-19 02:18:44.149685
150	153	6	2	80	2016-11-20 01:04:28.273839	2016-11-20 01:04:28.273839
151	154	6	5	28	2016-11-20 01:04:46.264646	2016-11-20 01:04:46.264646
152	155	9	8	80	2016-11-21 08:16:14.563808	2016-11-21 08:16:14.563808
153	156	6	2	33	2016-11-23 01:51:35.899598	2016-11-23 01:51:35.899598
154	157	6	2	7	2016-11-23 01:52:43.446806	2016-11-23 01:52:43.446806
155	158	6	0	94	2016-11-23 12:55:14.754513	2016-11-23 12:55:14.754513
156	159	6	2	15	2016-11-24 01:36:02.072022	2016-11-24 01:36:02.072022
157	160	6	0	24	2016-11-24 01:36:18.05863	2016-11-24 01:36:18.05863
158	161	6	1	67	2016-11-25 03:53:47.121847	2016-11-25 03:53:47.121847
159	162	6	5	96	2016-11-25 03:55:17.527795	2016-11-25 03:55:17.527795
160	164	6	4	23	2016-11-27 02:04:47.380975	2016-11-27 02:04:47.380975
161	163	6	4	9	2016-11-27 02:06:03.178593	2016-11-27 02:06:03.178593
162	165	6	0	24	2016-11-27 15:01:22.389895	2016-11-27 15:01:22.389895
163	166	6	3	97	2016-11-29 01:46:59.73769	2016-11-29 01:46:59.73769
164	167	6	2	98	2016-11-29 01:53:47.715334	2016-11-29 01:53:47.715334
165	168	6	5	10	2016-11-29 01:59:16.359272	2016-11-29 01:59:16.359272
166	169	6	5	100	2016-11-29 02:03:52.00062	2016-11-29 02:03:52.00062
167	170	6	5	37	2016-11-29 02:07:40.139072	2016-11-29 02:07:40.139072
168	171	6	2	5	2016-11-29 02:12:01.465333	2016-11-29 02:12:01.465333
169	172	6	3	9	2016-11-29 02:17:33.163131	2016-11-29 02:17:33.163131
170	173	6	1	23	2016-11-29 02:23:32.921264	2016-11-29 02:23:32.921264
171	174	6	4	98	2016-11-29 02:28:24.649113	2016-11-29 02:28:24.649113
172	175	6	2	10	2016-11-29 02:30:02.866795	2016-11-29 02:30:02.866795
173	176	6	3	37	2016-11-29 02:31:37.302222	2016-11-29 02:31:37.302222
174	177	6	0	5	2016-11-29 02:33:14.89442	2016-11-29 02:33:14.89442
175	178	6	2	68	2016-11-29 02:34:36.26035	2016-11-29 02:34:36.26035
176	179	6	3	32	2016-11-29 02:36:35.88611	2016-11-29 02:36:35.88611
177	180	6	2	96	2016-11-29 02:39:18.656908	2016-11-29 02:39:18.656908
178	181	6	1	24	2016-11-29 02:40:30.153413	2016-11-29 02:40:30.153413
179	182	6	5	6	2016-11-29 02:41:29.739996	2016-11-29 02:41:29.739996
180	186	6	1	23	2016-11-29 02:44:45.342996	2016-11-29 02:44:45.342996
181	183	6	4	5	2016-11-29 02:45:16.229786	2016-11-29 02:45:16.229786
182	184	6	1	47	2016-11-29 02:45:45.303201	2016-11-29 02:45:45.303201
183	185	6	2	9	2016-11-29 02:46:14.194729	2016-11-29 02:46:14.194729
184	188	6	2	76	2016-11-29 16:02:44.492746	2016-11-29 16:02:44.492746
185	189	6	0	68	2016-11-29 16:04:50.853977	2016-11-29 16:04:50.853977
186	187	6	5	38	2016-11-30 01:48:18.071892	2016-11-30 01:48:18.071892
187	190	6	5	32	2016-11-30 01:48:43.425293	2016-11-30 01:48:43.425293
188	191	6	2	30	2016-11-30 01:49:06.494839	2016-11-30 01:49:06.494839
189	192	6	5	35	2016-11-30 01:49:34.575258	2016-11-30 01:49:34.575258
190	193	6	5	18	2016-11-30 01:50:17.213417	2016-11-30 01:50:17.213417
191	194	6	3	104	2016-11-30 01:50:43.827719	2016-11-30 01:50:43.827719
192	195	6	2	24	2016-11-30 16:24:52.121964	2016-11-30 16:24:52.121964
193	196	6	2	32	2016-11-30 16:25:05.871782	2016-11-30 16:25:05.871782
194	197	6	0	5	2016-12-01 01:39:39.885786	2016-12-01 01:39:39.885786
195	198	6	1	23	2016-12-01 01:40:04.891488	2016-12-01 01:40:04.891488
196	199	6	2	30	2016-12-02 01:24:07.735481	2016-12-02 01:24:07.735481
197	200	6	3	9	2016-12-02 01:25:14.665566	2016-12-02 01:25:14.665566
198	201	6	5	38	2016-12-02 01:26:34.552116	2016-12-02 01:26:34.552116
199	202	6	3	47	2016-12-02 01:27:04.475432	2016-12-02 01:27:04.475432
200	203	6	1	32	2016-12-02 16:53:01.793702	2016-12-02 16:53:01.793702
201	204	6	5	23	2016-12-03 06:03:53.365785	2016-12-03 06:03:53.365785
202	205	6	2	24	2016-12-03 06:04:10.917974	2016-12-03 06:04:10.917974
203	206	6	5	5	2016-12-03 06:04:29.802065	2016-12-03 06:04:29.802065
204	207	6	2	23	2016-12-04 01:46:51.746244	2016-12-04 01:46:51.746244
205	208	6	5	24	2016-12-04 01:47:06.633251	2016-12-04 01:47:06.633251
206	209	10	7	23	2016-12-05 07:21:44.286883	2016-12-05 07:21:44.286883
207	210	4	1	78	2016-12-12 12:48:57.03951	2016-12-12 12:48:57.03951
208	217	4	1	9	2016-12-12 15:03:40.993472	2016-12-12 15:03:40.993472
209	218	4	3	61	2016-12-13 07:01:50.81728	2016-12-13 07:01:50.81728
210	211	4	2	63	2016-12-13 07:03:02.717955	2016-12-13 07:03:02.717955
211	214	4	2	29	2016-12-13 12:10:15.770942	2016-12-13 12:10:15.770942
212	212	4	3	25	2016-12-13 12:17:43.623539	2016-12-13 12:17:43.623539
213	213	4	0	41	2016-12-13 12:18:46.043846	2016-12-13 12:18:46.043846
214	215	4	3	94	2016-12-13 16:04:22.158749	2016-12-13 16:04:22.158749
215	216	4	3	60	2016-12-13 16:13:21.412437	2016-12-13 16:13:21.412437
216	219	4	2	24	2016-12-13 16:15:41.234481	2016-12-13 16:15:41.234481
217	220	4	2	32	2016-12-13 16:28:04.387956	2016-12-13 16:28:04.387956
218	221	4	1	27	2016-12-14 01:34:59.498967	2016-12-14 01:34:59.498967
219	222	4	2	12	2016-12-14 01:38:22.947324	2016-12-14 01:38:22.947324
220	224	4	1	78	2016-12-14 14:33:20.195173	2016-12-14 14:33:20.195173
221	225	4	0	33	2016-12-14 14:33:33.844935	2016-12-14 14:33:33.844935
222	226	4	2	27	2016-12-15 02:02:39.338508	2016-12-15 02:02:39.338508
223	227	4	2	94	2016-12-15 02:03:05.436557	2016-12-15 02:03:05.436557
224	228	4	1	70	2016-12-15 02:03:35.49028	2016-12-15 02:03:35.49028
225	229	4	1	24	2016-12-15 02:04:12.3536	2016-12-15 02:04:12.3536
226	230	4	3	50	2016-12-15 02:05:19.325997	2016-12-15 02:05:19.325997
227	231	4	1	12	2016-12-15 02:06:14.961966	2016-12-15 02:06:14.961966
228	232	4	0	9	2016-12-15 02:07:04.80837	2016-12-15 02:07:04.80837
229	223	4	0	33	2016-12-15 02:07:37.814042	2016-12-15 02:07:37.814042
230	233	4	0	33	2016-12-15 13:05:24.617285	2016-12-15 13:05:24.617285
231	241	4	0	17	2016-12-15 13:16:44.494139	2016-12-15 13:16:44.494139
232	235	4	1	31	2016-12-15 13:57:48.630659	2016-12-15 13:57:48.630659
233	237	4	3	38	2016-12-15 15:24:20.740589	2016-12-15 15:24:20.740589
234	238	4	1	46	2016-12-15 15:41:28.935672	2016-12-15 15:41:28.935672
235	236	4	0	5	2016-12-15 15:42:18.341783	2016-12-15 15:42:18.341783
236	234	4	2	24	2016-12-15 15:42:37.435518	2016-12-15 15:42:37.435518
237	239	4	3	18	2016-12-16 01:17:57.992906	2016-12-16 01:17:57.992906
238	240	4	0	9	2016-12-16 01:19:17.006832	2016-12-16 01:19:17.006832
239	242	4	3	12	2016-12-16 02:10:01.15962	2016-12-16 02:10:01.15962
240	243	4	3	5	2016-12-16 02:10:35.657169	2016-12-16 02:10:35.657169
241	244	4	3	46	2016-12-16 02:10:52.072671	2016-12-16 02:10:52.072671
242	245	4	2	33	2016-12-16 02:11:08.932977	2016-12-16 02:11:08.932977
243	246	4	2	24	2016-12-16 02:11:30.810945	2016-12-16 02:11:30.810945
244	247	4	0	9	2016-12-16 02:11:47.811647	2016-12-16 02:11:47.811647
245	252	9	4	5	2016-12-20 07:48:47.240458	2016-12-20 07:48:47.240458
246	254	6	1	5	2016-12-20 07:49:04.60842	2016-12-20 07:49:04.60842
247	253	6	5	9	2016-12-20 07:49:39.130622	2016-12-20 07:49:39.130622
248	248	5	2	9	2016-12-20 07:50:18.724276	2016-12-20 07:50:18.724276
249	251	5	3	33	2016-12-20 07:50:33.6007	2016-12-20 07:50:33.6007
250	250	5	1	5	2016-12-20 07:50:53.140953	2016-12-20 07:50:53.140953
251	249	5	4	50	2016-12-20 07:51:14.629572	2016-12-20 07:51:14.629572
252	255	6	5	24	2017-01-16 12:57:22.747924	2017-01-16 12:57:22.747924
253	256	6	3	10	2017-01-16 12:57:42.192984	2017-01-16 12:57:42.192984
254	257	6	5	18	2017-01-17 13:06:56.073374	2017-01-17 13:06:56.073374
255	258	6	1	34	2017-01-17 13:07:18.540981	2017-01-17 13:07:18.540981
256	259	6	5	5	2017-01-18 02:17:47.844209	2017-01-18 02:17:47.844209
257	260	6	3	27	2017-01-18 02:19:09.137257	2017-01-18 02:19:09.137257
258	261	6	5	23	2017-01-19 15:14:54.374686	2017-01-19 15:14:54.374686
259	262	6	1	28	2017-01-19 15:15:06.537248	2017-01-19 15:15:06.537248
260	263	6	3	24	2017-01-19 16:14:14.881092	2017-01-19 16:14:14.881092
261	265	6	3	28	2017-01-22 02:02:28.601928	2017-01-22 02:02:28.601928
262	266	6	1	34	2017-01-22 02:02:50.556298	2017-01-22 02:02:50.556298
263	264	6	2	5	2017-01-22 02:03:08.217242	2017-01-22 02:03:08.217242
264	268	6	5	34	2017-01-22 02:04:51.519586	2017-01-22 02:04:51.519586
265	267	6	4	24	2017-01-22 02:05:07.583353	2017-01-22 02:05:07.583353
266	269	10	7	24	2017-01-23 01:53:55.156594	2017-01-23 01:53:55.156594
267	270	5	0	11	2017-02-01 14:46:46.036161	2017-02-01 14:46:46.036161
268	271	5	1	29	2017-02-02 02:19:56.262147	2017-02-02 02:19:56.262147
269	272	5	4	80	2017-02-02 02:20:12.334787	2017-02-02 02:20:12.334787
270	273	5	0	106	2017-02-02 02:20:24.847223	2017-02-02 02:20:24.847223
271	277	5	3	26	2017-02-02 12:59:34.781384	2017-02-02 12:59:34.781384
272	278	5	1	28	2017-02-02 13:28:50.288855	2017-02-02 13:28:50.288855
273	274	5	0	23	2017-02-02 15:31:07.390345	2017-02-02 15:31:07.390345
274	275	5	3	11	2017-02-03 08:00:20.829099	2017-02-03 08:00:20.829099
275	276	5	4	29	2017-02-03 08:00:41.505345	2017-02-03 08:00:41.505345
276	279	5	3	6	2017-02-03 08:01:29.332307	2017-02-03 08:01:29.332307
277	284	5	1	54	2017-02-03 15:54:33.804812	2017-02-03 15:54:33.804812
278	283	5	2	28	2017-02-03 15:55:21.823036	2017-02-03 15:55:21.823036
279	282	5	4	26	2017-02-03 16:27:53.798348	2017-02-03 16:27:53.798348
280	280	5	2	58	2017-02-03 16:38:44.740551	2017-02-03 16:38:44.740551
281	281	5	2	29	2017-02-04 01:40:42.950761	2017-02-04 01:40:42.950761
282	285	5	2	11	2017-02-04 01:44:43.315016	2017-02-04 01:44:43.315016
283	286	5	2	26	2017-02-04 01:45:02.068237	2017-02-04 01:45:02.068237
284	287	5	4	58	2017-02-04 01:45:19.48915	2017-02-04 01:45:19.48915
285	288	6	2	29	2017-02-05 02:58:53.745772	2017-02-05 02:58:53.745772
286	289	6	4	58	2017-02-05 02:59:14.753894	2017-02-05 02:59:14.753894
287	291	5	3	58	2017-02-05 03:03:33.12366	2017-02-05 03:03:33.12366
288	290	9	6	58	2017-02-06 01:58:36.901763	2017-02-06 01:58:36.901763
289	292	4	0	12	2017-02-07 13:49:17.408248	2017-02-07 13:49:17.408248
290	293	4	2	28	2017-02-07 13:49:33.659675	2017-02-07 13:49:33.659675
291	294	4	2	33	2017-02-07 13:49:47.296142	2017-02-07 13:49:47.296142
292	295	4	3	2	2017-02-07 13:50:04.333428	2017-02-07 13:50:04.333428
293	297	4	2	21	2017-02-07 15:09:46.967066	2017-02-07 15:09:46.967066
294	296	4	3	80	2017-02-07 16:07:27.339444	2017-02-07 16:07:27.339444
295	298	4	2	34	2017-02-08 14:47:14.057151	2017-02-08 14:47:14.057151
296	299	4	1	32	2017-02-08 14:47:39.722353	2017-02-08 14:47:39.722353
297	300	4	2	24	2017-02-08 14:47:56.627225	2017-02-08 14:47:56.627225
298	301	4	1	3	2017-02-08 14:48:14.32469	2017-02-08 14:48:14.32469
299	302	4	3	29	2017-02-08 14:48:41.525444	2017-02-08 14:48:41.525444
300	303	4	2	5	2017-02-08 14:48:57.871298	2017-02-08 14:48:57.871298
301	304	4	2	27	2017-02-08 15:14:24.8145	2017-02-08 15:14:24.8145
302	305	4	2	10	2017-02-08 15:39:25.204254	2017-02-08 15:39:25.204254
303	310	4	2	5	2017-02-09 13:20:01.381701	2017-02-09 13:20:01.381701
304	311	4	2	21	2017-02-09 13:20:29.771499	2017-02-09 13:20:29.771499
305	308	4	3	80	2017-02-09 13:20:55.38905	2017-02-09 13:20:55.38905
306	309	4	3	32	2017-02-09 13:21:18.196785	2017-02-09 13:21:18.196785
307	306	4	3	11	2017-02-09 13:21:31.614146	2017-02-09 13:21:31.614146
308	307	4	0	18	2017-02-09 13:21:44.738431	2017-02-09 13:21:44.738431
309	313	4	1	28	2017-02-09 14:30:53.993398	2017-02-09 14:30:53.993398
310	312	4	1	27	2017-02-09 14:48:55.184105	2017-02-09 14:48:55.184105
311	315	4	3	12	2017-02-09 17:34:50.134258	2017-02-09 17:34:50.134258
312	314	4	3	34	2017-02-09 17:35:40.920266	2017-02-09 17:35:40.920266
313	317	4	2	28	2017-02-10 13:20:46.247892	2017-02-10 13:20:46.247892
314	316	4	3	12	2017-02-10 13:21:01.45795	2017-02-10 13:21:01.45795
315	319	4	2	21	2017-02-10 15:17:42.656353	2017-02-10 15:17:42.656353
316	318	4	2	5	2017-02-10 17:47:51.295784	2017-02-10 17:47:51.295784
317	320	4	0	9	2017-03-04 13:13:00.987667	2017-03-04 13:13:00.987667
318	321	4	3	94	2017-03-04 13:19:04.328103	2017-03-04 13:19:04.328103
319	322	4	1	18	2017-03-04 13:19:27.456315	2017-03-04 13:19:27.456315
320	323	4	3	6	2017-03-04 13:19:49.302771	2017-03-04 13:19:49.302771
321	324	4	0	85	2017-03-04 13:21:39.875244	2017-03-04 13:21:39.875244
322	325	4	2	21	2017-03-04 13:22:05.143125	2017-03-04 13:22:05.143125
323	326	4	1	18	2017-03-04 13:22:29.382038	2017-03-04 13:22:29.382038
324	327	4	1	33	2017-03-04 13:22:49.304685	2017-03-04 13:22:49.304685
325	328	4	3	21	2017-03-04 13:23:07.119197	2017-03-04 13:23:07.119197
326	329	4	1	30	2017-03-04 13:23:23.990182	2017-03-04 13:23:23.990182
327	330	4	3	1	2017-03-05 02:29:13.434547	2017-03-05 02:29:13.434547
328	331	4	1	32	2017-03-05 13:01:03.75872	2017-03-05 13:01:03.75872
329	332	4	3	38	2017-03-05 13:01:19.642983	2017-03-05 13:01:19.642983
330	334	4	3	51	2017-03-05 13:01:39.102959	2017-03-05 13:01:39.102959
331	335	4	2	112	2017-03-05 13:01:56.750307	2017-03-05 13:01:56.750307
332	336	4	1	81	2017-03-05 13:02:12.807649	2017-03-05 13:02:12.807649
333	337	4	1	33	2017-03-05 13:02:25.113035	2017-03-05 13:02:25.113035
334	338	4	2	21	2017-03-05 13:02:42.615558	2017-03-05 13:02:42.615558
335	333	4	0	27	2017-03-05 13:02:54.812216	2017-03-05 13:02:54.812216
336	339	4	3	32	2017-03-05 15:27:45.19623	2017-03-05 15:27:45.19623
337	340	4	3	112	2017-03-05 15:28:22.987889	2017-03-05 15:28:22.987889
338	341	4	1	33	2017-03-05 15:29:00.10909	2017-03-05 15:29:00.10909
339	342	4	2	21	2017-03-05 15:29:19.561539	2017-03-05 15:29:19.561539
340	343	4	0	32	2017-03-05 17:00:43.597241	2017-03-05 17:00:43.597241
341	344	4	2	33	2017-03-05 17:01:05.322414	2017-03-05 17:01:05.322414
342	346	4	1	33	2017-03-05 19:54:02.36266	2017-03-05 19:54:02.36266
343	345	4	2	32	2017-03-05 20:29:31.703256	2017-03-05 20:29:31.703256
344	347	5	1	58	2017-03-07 14:51:22.334244	2017-03-07 14:51:22.334244
345	348	5	1	24	2017-03-07 14:51:34.11033	2017-03-07 14:51:34.11033
346	350	5	1	5	2017-03-07 15:31:21.144526	2017-03-07 15:31:21.144526
347	349	5	4	23	2017-03-07 15:54:37.88622	2017-03-07 15:54:37.88622
348	352	5	2	33	2017-03-08 15:08:06.4622	2017-03-08 15:08:06.4622
349	351	5	0	27	2017-03-08 15:08:24.361951	2017-03-08 15:08:24.361951
350	353	5	4	10	2017-03-08 16:15:51.626958	2017-03-08 16:15:51.626958
351	355	5	3	33	2017-03-09 15:48:02.834206	2017-03-09 15:48:02.834206
352	354	5	4	29	2017-03-09 15:48:28.833696	2017-03-09 15:48:28.833696
353	357	5	3	29	2017-03-09 16:05:21.096463	2017-03-09 16:05:21.096463
354	356	5	2	5	2017-03-10 13:16:34.803112	2017-03-10 13:16:34.803112
355	358	5	2	10	2017-03-12 15:31:23.032856	2017-03-12 15:31:23.032856
356	359	6	4	33	2017-03-12 15:31:55.276947	2017-03-12 15:31:55.276947
357	360	6	5	5	2017-03-12 15:33:08.487075	2017-03-12 15:33:08.487075
358	361	10	8	33	2017-03-15 01:25:24.831612	2017-03-15 01:25:24.831612
359	364	5	3	36	2017-03-27 13:16:17.401072	2017-03-27 13:16:17.401072
360	365	5	3	82	2017-03-27 13:24:07.329655	2017-03-27 13:24:07.329655
361	362	5	3	94	2017-03-27 14:46:22.654191	2017-03-27 14:46:22.654191
362	363	5	1	62	2017-03-27 14:47:01.915887	2017-03-27 14:47:01.915887
363	367	5	1	32	2017-03-30 08:29:57.284385	2017-03-30 08:29:57.284385
364	368	5	3	2	2017-03-30 08:31:06.375096	2017-03-30 08:31:06.375096
365	369	5	2	38	2017-03-30 08:32:03.885444	2017-03-30 08:32:03.885444
366	370	5	2	9	2017-03-30 08:32:49.425196	2017-03-30 08:32:49.425196
367	371	5	2	26	2017-03-30 08:33:32.923682	2017-03-30 08:33:32.923682
369	373	5	1	32	2017-03-30 08:36:54.45133	2017-03-30 08:36:54.45133
368	372	5	0	10	2017-03-30 08:34:54.16442	2017-03-30 08:34:54.16442
370	375	5	4	38	2017-03-30 08:47:44.038898	2017-03-30 08:47:44.038898
371	374	5	2	17	2017-03-31 06:32:23.538234	2017-03-31 06:32:23.538234
372	376	5	3	79	2017-03-31 14:38:53.452036	2017-03-31 14:38:53.452036
373	377	5	1	38	2017-03-31 14:39:10.027802	2017-03-31 14:39:10.027802
374	378	5	1	17	2017-03-31 14:39:21.773913	2017-03-31 14:39:21.773913
375	379	5	1	23	2017-03-31 14:39:36.23329	2017-03-31 14:39:36.23329
376	380	6	1	38	2017-04-02 03:13:05.401189	2017-04-02 03:13:05.401189
377	381	6	4	23	2017-04-02 03:13:23.842632	2017-04-02 03:13:23.842632
378	382	10	8	23	2017-04-03 03:57:51.159874	2017-04-03 03:57:51.159874
379	383	10	2	23	2017-04-16 13:36:21.230565	2017-04-16 13:36:21.230565
380	385	10	6	17	2017-04-16 13:36:46.817398	2017-04-16 13:36:46.817398
381	386	10	2	35	2017-04-16 13:37:30.107793	2017-04-16 13:37:30.107793
382	384	10	7	24	2017-04-17 07:45:09.340431	2017-04-17 07:45:09.340431
383	387	10	8	32	2017-04-18 03:50:41.675682	2017-04-18 03:50:41.675682
384	388	10	5	26	2017-04-18 03:51:05.929613	2017-04-18 03:51:05.929613
385	389	10	9	5	2017-04-18 03:51:30.247143	2017-04-18 03:51:30.247143
386	390	10	8	18	2017-04-18 03:51:59.671649	2017-04-18 03:51:59.671649
387	391	10	5	10	2017-04-19 04:10:05.683908	2017-04-19 04:10:05.683908
388	393	10	7	12	2017-04-19 04:10:24.032579	2017-04-19 04:10:24.032579
389	392	10	6	9	2017-04-19 04:13:10.421725	2017-04-19 04:13:10.421725
390	396	10	4	70	2017-04-20 03:57:29.780534	2017-04-20 03:57:29.780534
391	394	10	8	90	2017-04-20 03:58:31.626373	2017-04-20 03:58:31.626373
392	395	10	7	45	2017-04-20 03:59:05.571366	2017-04-20 03:59:05.571366
393	397	10	4	27	2017-04-21 15:05:27.06398	2017-04-21 15:05:27.06398
394	398	10	3	28	2017-04-21 15:05:47.179046	2017-04-21 15:05:47.179046
395	400	13	7	24	2017-04-22 13:00:32.000124	2017-04-22 13:00:32.000124
396	399	13	10	17	2017-04-22 13:01:33.167452	2017-04-22 13:01:33.167452
397	401	13	12	10	2017-04-23 03:09:56.575725	2017-04-23 03:09:56.575725
398	402	13	9	9	2017-04-23 03:10:44.791053	2017-04-23 03:10:44.791053
399	403	13	3	35	2017-04-24 04:31:09.553333	2017-04-24 04:31:09.553333
400	405	13	11	5	2017-04-25 06:07:05.313963	2017-04-25 06:07:05.313963
401	406	13	6	28	2017-04-25 06:07:23.766231	2017-04-25 06:07:23.766231
402	404	13	6	23	2017-04-25 06:07:47.346716	2017-04-25 06:07:47.346716
403	407	13	10	10	2017-04-27 03:28:04.21021	2017-04-27 03:28:04.21021
404	408	13	6	9	2017-04-27 03:28:18.038046	2017-04-27 03:28:18.038046
405	409	13	3	23	2017-04-27 03:28:32.435391	2017-04-27 03:28:32.435391
406	410	13	9	28	2017-04-27 03:28:49.235451	2017-04-27 03:28:49.235451
407	411	17	15	23	2017-04-30 03:30:25.642119	2017-04-30 03:30:25.642119
408	412	17	8	9	2017-04-30 03:30:45.112456	2017-04-30 03:30:45.112456
409	413	18	15	23	2017-05-02 15:02:08.693933	2017-05-02 15:02:08.693933
410	414	5	1	114	2017-09-18 09:58:54.313504	2017-09-18 09:58:54.313504
411	415	5	2	23	2017-09-18 10:00:25.64767	2017-09-18 10:00:25.64767
412	416	5	4	12	2017-09-18 10:01:11.670438	2017-09-18 10:01:11.670438
413	418	5	1	27	2017-09-18 13:26:41.212276	2017-09-18 13:26:41.212276
414	417	5	1	10	2017-09-18 13:47:31.76688	2017-09-18 13:47:31.76688
415	419	5	3	5	2017-09-19 09:54:25.12757	2017-09-19 09:54:25.12757
416	420	5	0	9	2017-09-19 09:54:36.448309	2017-09-19 09:54:36.448309
417	423	5	2	84	2017-09-19 13:36:04.486782	2017-09-19 13:36:04.486782
418	422	5	3	10	2017-09-19 14:17:51.733936	2017-09-19 14:17:51.733936
419	421	5	2	118	2017-09-19 14:57:10.013569	2017-09-19 14:57:10.013569
420	424	5	4	119	2017-09-20 15:36:14.616389	2017-09-20 15:36:14.616389
421	425	5	4	9	2017-09-20 15:36:46.003424	2017-09-20 15:36:46.003424
422	426	5	2	84	2017-09-20 15:37:17.053605	2017-09-20 15:37:17.053605
423	427	5	1	38	2017-09-21 13:20:48.188082	2017-09-21 13:20:48.188082
424	431	5	3	17	2017-09-21 13:21:07.308797	2017-09-21 13:21:07.308797
425	428	5	4	18	2017-09-21 13:21:52.689992	2017-09-21 13:21:52.689992
426	430	5	1	10	2017-09-21 13:37:25.612958	2017-09-21 13:37:25.612958
427	429	5	4	47	2017-09-21 15:15:59.902949	2017-09-21 15:15:59.902949
428	433	5	1	18	2017-09-23 07:12:59.869128	2017-09-23 07:12:59.869128
429	432	5	1	17	2017-09-23 07:13:39.632837	2017-09-23 07:13:39.632837
430	434	5	4	47	2017-09-23 07:19:55.766891	2017-09-23 07:19:55.766891
431	435	5	3	10	2017-09-23 07:20:09.60326	2017-09-23 07:20:09.60326
432	436	6	5	17	2017-09-24 12:58:46.724828	2017-09-24 12:58:46.724828
433	437	6	3	10	2017-09-24 12:59:36.381381	2017-09-24 12:59:36.381381
434	438	10	3	10	2017-09-24 13:00:24.216061	2017-09-24 13:00:24.216061
435	439	6	2	23	2017-11-02 15:33:57.941037	2017-11-02 15:33:57.941037
436	442	6	2	54	2017-11-02 15:34:17.578472	2017-11-02 15:34:17.578472
437	440	6	5	11	2017-11-02 15:35:15.203494	2017-11-02 15:35:15.203494
438	441	6	5	18	2017-11-02 15:35:34.815404	2017-11-02 15:35:34.815404
439	444	9	2	18	2017-11-04 12:55:36.589392	2017-11-04 12:55:36.589392
440	443	9	3	23	2017-11-04 12:55:49.053912	2017-11-04 12:55:49.053912
441	445	10	7	23	2017-11-05 14:32:07.920471	2017-11-05 14:32:07.920471
442	446	5	1	18	2019-12-13 14:30:02.386024	2019-12-13 14:30:02.386024
443	447	5	4	23	2019-12-13 17:49:35.429895	2019-12-13 17:49:35.429895
444	448	5	3	81	2019-12-14 15:20:07.224288	2019-12-14 15:20:07.224288
445	449	5	2	6	2019-12-14 15:21:04.571822	2019-12-14 15:21:04.571822
446	450	6	1	23	2019-12-14 15:48:24.697935	2019-12-14 15:48:24.697935
447	451	6	5	81	2019-12-16 14:51:47.052684	2019-12-16 14:51:47.052684
448	452	9	6	23	2019-12-16 14:53:04.718272	2019-12-16 14:53:04.718272
\.


--
-- Data for Name: rounds; Type: TABLE DATA; Schema: public; Owner: postgres
--

COPY public.rounds (id, name, sequence, created_at, updated_at) FROM stdin;
1	Round 1	1	2016-09-19 00:00:00	2016-09-19 00:00:00
2	Round 2	2	2016-09-19 00:00:00	2016-09-19 00:00:00
6	Wildcard	0	2016-09-21 00:00:00	2016-09-21 00:00:00
7	Round 3	3	2016-10-26 00:00:00	2016-10-26 00:00:00
8	Round 4	4	2016-11-18 02:18:46.591968	2016-11-18 02:18:46.591968
3	Quarter Final	7	2016-09-19 00:00:00	2017-03-04 13:06:32.62132
4	Semi Final	8	2016-09-19 00:00:00	2017-03-04 13:06:39.984934
5	Final	9	2016-09-19 00:00:00	2017-03-04 13:06:48.932719
9	Round 5	5	2017-03-04 13:06:05.13484	2017-03-04 13:06:59.472875
10	Round 6	6	2017-03-04 13:07:12.436786	2017-03-04 13:07:12.436786
\.


--
-- Data for Name: schema_migrations; Type: TABLE DATA; Schema: public; Owner: postgres
--

COPY public.schema_migrations (version) FROM stdin;
20160919063633
20160919064411
20160919064816
20160919065803
20160919081623
20160919083049
20160919085522
20160919092906
20160921070010
20161003071151
20161003072530
20161003075050
20161003080457
20161003123750
\.


--
-- Data for Name: sessions; Type: TABLE DATA; Schema: public; Owner: postgres
--

COPY public.sessions (id, "time", created_at, updated_at, tournament_id) FROM stdin;
1	14:30:00	2016-09-19 00:00:00	2016-09-19 00:00:00	1
2	19:30:00	2016-09-19 00:00:00	2016-09-19 00:00:00	1
3	10:00:00	2016-10-03 08:12:51.171617	2016-10-03 08:12:51.171617	2
4	13:00:00	2016-10-03 08:15:56.607997	2016-10-03 08:15:56.607997	2
5	14:00:00	2016-10-03 08:16:06.003522	2016-10-03 08:16:06.003522	2
6	19:00:00	2016-10-03 08:16:15.147035	2016-10-03 08:16:15.147035	2
7	20:00:00	2016-10-03 08:16:24.659565	2016-10-03 08:16:24.659565	2
8	12:00:00	2016-10-14 07:23:32.910391	2016-10-14 07:23:32.910391	3
9	14:00:00	2016-10-14 07:23:54.261488	2016-10-14 07:23:54.261488	3
10	19:00:00	2016-10-14 07:24:02.784451	2016-10-14 07:24:02.784451	3
11	09:30:00	2016-10-23 02:13:47.125089	2016-10-23 02:13:47.125089	4
12	14:30:00	2016-10-23 02:14:01.04568	2016-10-23 02:14:01.04568	4
13	19:30:00	2016-10-23 02:14:58.223612	2016-10-23 02:14:58.223612	4
14	14:30:00	2016-11-01 06:39:40.932114	2016-11-01 06:39:40.932114	5
15	19:30:00	2016-11-01 06:39:50.550657	2016-11-01 06:39:50.550657	5
16	12:00:00	2016-11-18 02:09:10.174944	2016-11-18 02:09:10.174944	6
17	14:00:00	2016-11-18 02:09:22.553653	2016-11-18 02:09:22.553653	6
18	19:00:00	2016-11-18 02:09:31.477167	2016-11-18 02:09:31.477167	6
19	14:30:00	2016-11-22 02:09:46.777114	2016-11-22 02:09:46.777114	7
20	19:30:00	2016-11-22 02:09:55.369048	2016-11-22 02:09:55.369048	7
21	09:30:00	2016-11-23 01:54:16.590402	2016-11-23 01:54:16.590402	7
22	13:00:00	2016-11-25 03:56:31.618229	2016-11-25 03:56:31.618229	7
23	10:00:00	2016-12-12 12:25:38.075281	2016-12-12 12:25:38.075281	8
24	13:00:00	2016-12-12 12:26:09.612134	2016-12-12 12:26:09.612134	8
25	14:00:00	2016-12-12 12:26:16.351819	2016-12-12 12:26:16.351819	8
26	15:00:00	2016-12-12 12:26:24.619472	2016-12-12 12:26:24.619472	8
27	16:30:00	2016-12-12 12:26:38.166001	2016-12-12 12:26:38.166001	8
28	19:00:00	2016-12-12 12:26:47.877907	2016-12-12 12:26:47.877907	8
29	20:00:00	2016-12-12 12:26:55.265322	2016-12-12 12:26:55.265322	8
30	12:00:00	2016-12-15 02:25:21.073681	2016-12-15 02:25:21.073681	8
31	13:00:00	2017-01-15 13:08:34.881354	2017-01-15 13:08:34.881354	9
32	19:00:00	2017-01-15 13:08:42.523657	2017-01-15 13:08:42.523657	9
33	14:00:00	2017-02-01 13:12:24.927287	2017-02-01 13:12:24.927287	10
34	20:00:00	2017-02-01 13:12:36.733356	2017-02-01 13:12:36.733356	10
35	10:00:00	2017-02-02 02:24:22.139779	2017-02-02 02:24:22.139779	10
36	15:00:00	2017-02-02 02:24:41.417841	2017-02-02 02:24:41.417841	10
37	13:00:00	2017-02-07 13:45:20.190426	2017-02-07 13:45:20.190426	11
38	13:30:00	2017-02-07 13:45:29.327536	2017-02-07 13:45:29.327536	11
39	19:00:00	2017-02-07 13:45:40.846497	2017-02-07 13:45:40.846497	11
40	20:00:00	2017-02-07 13:45:51.276667	2017-02-07 13:45:51.276667	11
41	09:30:00	2017-03-04 12:50:53.100562	2017-03-04 12:50:53.100562	12
42	11:00:00	2017-03-04 12:51:18.279351	2017-03-04 12:51:18.279351	12
43	11:30:00	2017-03-04 12:51:30.332809	2017-03-04 12:51:30.332809	12
44	12:30:00	2017-03-04 12:51:45.7793	2017-03-04 12:51:45.7793	12
45	13:00:00	2017-03-04 12:51:56.820514	2017-03-04 12:51:56.820514	12
46	14:00:00	2017-03-04 12:52:10.354957	2017-03-04 12:52:10.354957	12
47	15:30:00	2017-03-04 12:52:23.640707	2017-03-04 12:52:23.640707	12
48	17:00:00	2017-03-04 12:52:41.505359	2017-03-04 12:52:41.505359	12
49	19:30:00	2017-03-04 12:52:55.898058	2017-03-04 12:52:55.898058	12
50	10:00:00	2017-03-05 02:31:10.083931	2017-03-05 02:31:10.083931	12
51	13:00:00	2017-03-07 14:44:26.721764	2017-03-07 14:44:26.721764	13
52	19:00:00	2017-03-07 14:44:40.084447	2017-03-07 14:44:40.084447	13
53	10:00:00	2017-03-27 12:46:13.331989	2017-03-27 12:46:13.331989	14
54	14:30:00	2017-03-27 12:46:38.709356	2017-03-27 12:46:38.709356	14
55	19:30:00	2017-03-27 12:46:56.796002	2017-03-27 12:46:56.796002	14
56	10:00:00	2017-04-15 13:34:31.138962	2017-04-15 13:34:31.138962	15
57	14:30:00	2017-04-15 13:34:52.432404	2017-04-15 13:34:52.432404	15
58	19:00:00	2017-04-15 13:35:06.083475	2017-04-15 13:35:06.083475	15
59	13:00:00	2017-04-20 03:59:52.45228	2017-04-20 03:59:52.45228	15
60	09:30:00	2017-09-18 01:59:06.730198	2017-09-18 01:59:06.730198	16
61	14:00:00	2017-09-18 01:59:18.343933	2017-09-18 01:59:18.343933	16
62	19:30:00	2017-09-18 01:59:32.929225	2017-09-18 01:59:32.929225	16
63	14:30:00	2017-11-02 03:25:59.845104	2017-11-02 03:25:59.845104	17
64	19:30:00	2017-11-02 03:26:12.914344	2017-11-02 03:26:12.914344	17
65	12:00:00	2019-12-13 09:35:18.528451	2019-12-13 09:35:18.528451	18
66	14:00:00	2019-12-13 09:35:34.682596	2019-12-13 09:35:34.682596	18
67	19:00:00	2019-12-13 09:35:44.056086	2019-12-13 09:35:44.056086	18
68	13:00:00	2019-12-13 09:35:59.533472	2019-12-13 09:35:59.533472	18
69	20:00:00	2021-01-17 09:33:46.062793	2021-01-17 09:33:46.062793	19
\.


--
-- Data for Name: tournaments; Type: TABLE DATA; Schema: public; Owner: postgres
--

COPY public.tournaments (id, name, fm_date, to_date, country, created_at, updated_at, chosen) FROM stdin;
1	Shanghai Masters	2016-09-19	2016-09-25	China	2016-09-19 00:00:00	2016-09-19 00:00:00	f
2	European Masters	2016-10-03	2016-10-09	Romania	2016-10-03 07:22:32.079644	2016-10-14 07:22:28.038259	f
3	English Open	2016-10-10	2016-10-16	England	2016-10-14 07:22:04.565405	2016-10-23 02:13:01.291586	f
4	International Championship	2016-10-23	2016-10-30	China	2016-10-23 02:12:47.492809	2016-11-01 06:38:29.188071	f
5	China Championship	2016-11-01	2016-11-05	China	2016-11-01 06:38:08.031878	2016-11-18 01:50:26.074509	f
6	Northern Ireland Open	2016-11-14	2016-11-20	Northern Ireland	2016-11-18 01:50:06.045364	2016-11-22 02:09:07.889412	f
7	UK Championship	2016-11-22	2016-12-04	United Kingdom	2016-11-22 02:08:36.745891	2016-12-12 12:08:49.335576	f
8	Scottish Open	2016-12-12	2016-12-18	Scotland	2016-12-12 12:08:30.89673	2017-01-15 13:07:24.70987	f
9	Dafabet Masters	2017-01-15	2017-01-22	England	2017-01-15 13:07:11.019952	2017-02-01 13:11:45.235197	f
10	German Masters	2017-02-01	2017-02-05	Germany	2017-02-01 13:11:29.442614	2017-02-07 13:36:10.531591	f
11	World Grand Prix	2017-02-06	2017-02-12	United Kingdom	2017-02-07 13:35:56.348459	2017-03-04 12:30:02.22891	f
12	Gibraltar Open	2017-03-01	2017-03-05	Spain	2017-03-04 12:29:37.571683	2017-03-07 14:43:38.778415	f
13	Players Championship	2017-03-06	2017-03-12	United Kingdom	2017-03-07 14:43:27.625272	2017-03-27 12:44:25.922465	f
14	China Open	2017-03-27	2017-04-02	China	2017-03-27 12:45:11.386564	2017-04-15 13:26:41.952155	f
15	World Championship	2017-04-15	2017-05-01	United Kingdom	2017-04-15 13:26:26.796605	2017-09-18 01:43:12.51121	f
16	Yushan World Open	2017-09-18	2017-09-24	China	2017-09-18 01:42:38.510498	2017-11-02 03:25:29.023794	f
17	International Championship	2017-11-01	2017-11-05	China	2017-11-02 03:25:11.329557	2019-12-13 09:29:44.004987	f
18	Scottish Open 2019	2019-12-11	2019-12-15	Scotland	2019-12-13 09:30:40.82196	2021-01-17 09:30:56.401586	f
19	Betfred Masters 2021	2021-01-14	2021-01-17	England	2021-01-17 09:30:40.77286	2021-01-17 09:31:16.658947	t
\.


--
-- Data for Name: venues; Type: TABLE DATA; Schema: public; Owner: postgres
--

COPY public.venues (id, name, created_at, updated_at) FROM stdin;
1	Shanghai Grand Stage	2016-09-19 00:00:00	2016-09-19 00:00:00
\.


--
-- Name: matches_id_seq; Type: SEQUENCE SET; Schema: public; Owner: postgres
--

SELECT pg_catalog.setval('public.matches_id_seq', 453, true);


--
-- Name: players_id_seq; Type: SEQUENCE SET; Schema: public; Owner: postgres
--

SELECT pg_catalog.setval('public.players_id_seq', 119, true);


--
-- Name: results_id_seq; Type: SEQUENCE SET; Schema: public; Owner: postgres
--

SELECT pg_catalog.setval('public.results_id_seq', 448, true);


--
-- Name: rounds_id_seq; Type: SEQUENCE SET; Schema: public; Owner: postgres
--

SELECT pg_catalog.setval('public.rounds_id_seq', 10, true);


--
-- Name: sessions_id_seq; Type: SEQUENCE SET; Schema: public; Owner: postgres
--

SELECT pg_catalog.setval('public.sessions_id_seq', 69, true);


--
-- Name: tournaments_id_seq; Type: SEQUENCE SET; Schema: public; Owner: postgres
--

SELECT pg_catalog.setval('public.tournaments_id_seq', 19, true);


--
-- Name: venues_id_seq; Type: SEQUENCE SET; Schema: public; Owner: postgres
--

SELECT pg_catalog.setval('public.venues_id_seq', 1, false);


--
-- Name: ar_internal_metadata ar_internal_metadata_pkey; Type: CONSTRAINT; Schema: public; Owner: postgres
--

ALTER TABLE ONLY public.ar_internal_metadata
    ADD CONSTRAINT ar_internal_metadata_pkey PRIMARY KEY (key);


--
-- Name: matches matches_pkey; Type: CONSTRAINT; Schema: public; Owner: postgres
--

ALTER TABLE ONLY public.matches
    ADD CONSTRAINT matches_pkey PRIMARY KEY (id);


--
-- Name: players players_pkey; Type: CONSTRAINT; Schema: public; Owner: postgres
--

ALTER TABLE ONLY public.players
    ADD CONSTRAINT players_pkey PRIMARY KEY (id);


--
-- Name: results results_pkey; Type: CONSTRAINT; Schema: public; Owner: postgres
--

ALTER TABLE ONLY public.results
    ADD CONSTRAINT results_pkey PRIMARY KEY (id);


--
-- Name: rounds rounds_pkey; Type: CONSTRAINT; Schema: public; Owner: postgres
--

ALTER TABLE ONLY public.rounds
    ADD CONSTRAINT rounds_pkey PRIMARY KEY (id);


--
-- Name: schema_migrations schema_migrations_pkey; Type: CONSTRAINT; Schema: public; Owner: postgres
--

ALTER TABLE ONLY public.schema_migrations
    ADD CONSTRAINT schema_migrations_pkey PRIMARY KEY (version);


--
-- Name: sessions sessions_pkey; Type: CONSTRAINT; Schema: public; Owner: postgres
--

ALTER TABLE ONLY public.sessions
    ADD CONSTRAINT sessions_pkey PRIMARY KEY (id);


--
-- Name: tournaments tournaments_pkey; Type: CONSTRAINT; Schema: public; Owner: postgres
--

ALTER TABLE ONLY public.tournaments
    ADD CONSTRAINT tournaments_pkey PRIMARY KEY (id);


--
-- Name: venues venues_pkey; Type: CONSTRAINT; Schema: public; Owner: postgres
--

ALTER TABLE ONLY public.venues
    ADD CONSTRAINT venues_pkey PRIMARY KEY (id);


--
-- Name: index_entries_on_player_id; Type: INDEX; Schema: public; Owner: postgres
--

CREATE INDEX index_entries_on_player_id ON public.entries USING btree (player_id);


--
-- Name: index_entries_on_tournament_id; Type: INDEX; Schema: public; Owner: postgres
--

CREATE INDEX index_entries_on_tournament_id ON public.entries USING btree (tournament_id);


--
-- Name: index_entries_on_tournament_id_and_player_id; Type: INDEX; Schema: public; Owner: postgres
--

CREATE UNIQUE INDEX index_entries_on_tournament_id_and_player_id ON public.entries USING btree (tournament_id, player_id);


--
-- Name: index_matches_on_session_id; Type: INDEX; Schema: public; Owner: postgres
--

CREATE INDEX index_matches_on_session_id ON public.matches USING btree (session_id);


--
-- Name: index_matches_on_tournament_id; Type: INDEX; Schema: public; Owner: postgres
--

CREATE INDEX index_matches_on_tournament_id ON public.matches USING btree (tournament_id);


--
-- Name: index_matches_on_tournament_id_and_number; Type: INDEX; Schema: public; Owner: postgres
--

CREATE UNIQUE INDEX index_matches_on_tournament_id_and_number ON public.matches USING btree (tournament_id, number);


--
-- Name: index_results_on_match_id; Type: INDEX; Schema: public; Owner: postgres
--

CREATE INDEX index_results_on_match_id ON public.results USING btree (match_id);


--
-- Name: index_sessions_on_tournament_id; Type: INDEX; Schema: public; Owner: postgres
--

CREATE INDEX index_sessions_on_tournament_id ON public.sessions USING btree (tournament_id);


--
-- Name: sessions fk_rails_3c62f7dd37; Type: FK CONSTRAINT; Schema: public; Owner: postgres
--

ALTER TABLE ONLY public.sessions
    ADD CONSTRAINT fk_rails_3c62f7dd37 FOREIGN KEY (tournament_id) REFERENCES public.tournaments(id);


--
-- Name: entries fk_rails_587665c3b4; Type: FK CONSTRAINT; Schema: public; Owner: postgres
--

ALTER TABLE ONLY public.entries
    ADD CONSTRAINT fk_rails_587665c3b4 FOREIGN KEY (player_id) REFERENCES public.players(id);


--
-- Name: matches fk_rails_700eaa2935; Type: FK CONSTRAINT; Schema: public; Owner: postgres
--

ALTER TABLE ONLY public.matches
    ADD CONSTRAINT fk_rails_700eaa2935 FOREIGN KEY (tournament_id) REFERENCES public.tournaments(id);


--
-- Name: entries fk_rails_a9b7d5f8d4; Type: FK CONSTRAINT; Schema: public; Owner: postgres
--

ALTER TABLE ONLY public.entries
    ADD CONSTRAINT fk_rails_a9b7d5f8d4 FOREIGN KEY (tournament_id) REFERENCES public.tournaments(id);


--
-- Name: results fk_rails_ace205692e; Type: FK CONSTRAINT; Schema: public; Owner: postgres
--

ALTER TABLE ONLY public.results
    ADD CONSTRAINT fk_rails_ace205692e FOREIGN KEY (match_id) REFERENCES public.matches(id);


--
-- Name: matches fk_rails_cd9c483851; Type: FK CONSTRAINT; Schema: public; Owner: postgres
--

ALTER TABLE ONLY public.matches
    ADD CONSTRAINT fk_rails_cd9c483851 FOREIGN KEY (session_id) REFERENCES public.sessions(id);


--
-- Name: SCHEMA public; Type: ACL; Schema: -; Owner: postgres
--

GRANT ALL ON SCHEMA public TO PUBLIC;


--
-- PostgreSQL database dump complete
--

